rowname	count
A0A385XJE6;P0CE49;P0CE50;P0CE51;P0CE52;P0CE53;P0CE54;P0CE55;P0CE56;P0CE57;P0CE58;P76071	3
A5A614	1
A5A621	2
O32583	1
P00350	65
P00363	55
P00370	51
P00393	35
P00448	19
P00452	47
P00490	59
P00509	48
P00547	22
P00550	18
P00561	97
P00562	39
P00579	32
P00579;P13445	1
P00582	66
P00634	16
P00722	2
P00803	17
P00805	17
P00811	13
P00816	1
P00861	14
P00864	118
P00887	17
P00888	26
P00888;P0AB91	1
P00893	48
P00894	14
P00895	39
P00903	2
P00904	20
P00909	23
P00914	6
P00926	9
P00934	49
P00935	8
P00936	10
P00944	1
P00946	23
P00954	26
P00956	95
P00957	98
P00959	67
P00960	19
P00961	87
P00962	59
P00963	22
P00968	117
P02358	29
P02359	39
P02413	15
P02916	1
P02918	27
P02919	29
P02924	6
P02925	22
P02929	14
P02930	29
P02931	31
P02931;P02932;P21420	1
P02932	1
P02942	1
P02942;P07017	1
P02942;P07017;P07018;P50466	1
P02943	26
P03004	23
P03007	3
P03018	18
P03023	7
P03024	7
P03030	1
P03813	10
P03817	3
P03819	10
P03841	9
P04036	22
P04079	56
P04128	4
P04335	29
P04391	11
P04391;P06960	18
P04395	3
P04425	27
P04693	24
P04805	48
P04816	23
P04816;P0AD96	2
P04825	53
P04846	13
P04949	1
P04951	16
P04968	39
P04982	3
P04983	5
P04993	9
P04994	17
P04995	18
P05020	36
P05041	10
P05042	23
P05050	1
P05055	70
P05100	1
P05194	22
P05458	45
P05459	34
P05523	3
P05637	12
P05704	1
P05706	2
P05719	18
P05791	39
P05793	99
P05804	1
P05824	1
P05825	43
P05827	4
P05852	12
P06129	32
P06134	2
P06136	6
P06149	45
P06282	7
P06610	13
P06611	2
P06612	68
P06616	21
P06709	7
P06710	28
P06715	31
P06720	3
P06721	17
P06722	3
P06846	8
P06959	75
P06960	9
P06961	18
P06965	1
P06966	5
P06968	2
P06971	44
P06974	1
P06983	16
P06986	17
P06987	30
P06988	20
P06989	5
P06992	9
P06993	24
P06996	54
P06996;P21420	1
P06999	23
P07000	8
P07001	29
P07003	37
P07004	33
P07012	31
P07013	6
P07014	33
P07017	1
P07018	1
P07021	2
P07023	30
P07024	35
P07026	1
P07102	13
P07109	9
P07117	4
P07118	97
P07330	1
P07363	1
P07364	1
P07395	60
P07604	27
P07623	19
P07639	16
P07648	9
P07649	6
P07650	39
P07658	1
P07762	53
P07813	74
P07821	8
P07822	3
P07862	13
P07913	9
P08142	42
P08178	21
P08179	12
P08189	2
P08190	2
P08191	3
P08192	19
P08200	85
P08201	1
P08202	4
P08204	1
P08244	19
P08245	2
P08312	33
P08331	35
P08337	2
P08368	6
P08373	12
P08390	10
P08394	8
P08395	16
P08400	4
P08401	3
P08506	38
P08506;P0AEB2	1
P08550	1
P08622	28
P08660	28
P08839	67
P08956	52
P08957	33
P08997	62
P09029	16
P09030	29
P09053	16
P09099	8
P09126	5
P09127	25
P09147	23
P09148	16
P09151	67
P09152	32
P09152;P19319	7
P09153	1
P09155	5
P09158	18
P09163	4
P09169	46
P09184	2
P09323	10
P09348	1
P09372	18
P09373	118
P09373;P42632	8
P09373;P42632;P68066	1
P09373;P68066	2
P09391	2
P09394	11
P09424	31
P09546	36
P09549	11
P09551	39
P09831	133
P09832	51
P09832;P37127	1
P09833	4
P09835	1
P09980	13
P09996	1
P0A698	42
P0A6A0	10
P0A6A3	42
P0A6A6	51
P0A6A8	5
P0A6B4	12
P0A6B7	57
P0A6C1	14
P0A6C5	33
P0A6C8	29
P0A6D0	2
P0A6D3	24
P0A6D7	19
P0A6E1	8
P0A6E4	70
P0A6E6	10
P0A6E9	9
P0A6F1	30
P0A6F3	31
P0A6F5	90
P0A6F9	10
P0A6G3	7
P0A6G7	20
P0A6H1	44
P0A6H5	43
P0A6H8	9
P0A6I0	12
P0A6I3	16
P0A6I6	9
P0A6I9	6
P0A6J1	9
P0A6J5	11
P0A6J8	23
P0A6K1	8
P0A6K3	14
P0A6K6	38
P0A6L0	24
P0A6L2	15
P0A6L4	3
P0A6L7	7
P0A6L9	10
P0A6M2	1
P0A6M4	2
P0A6M8	93
P0A6N4	4
P0A6N8	11
P0A6P1	48
P0A6P5	38
P0A6P7	19
P0A6P9	65
P0A6Q3	18
P0A6Q6	20
P0A6R0	22
P0A6R3	6
P0A6S0	3
P0A6S3	1
P0A6S5	2
P0A6S7	12
P0A6T1	61
P0A6T3	20
P0A6T5	32
P0A6T9	1
P0A6U3	28
P0A6U5	12
P0A6U8	22
P0A6V1	31
P0A6V5	1
P0A6V8	16
P0A6W0	2
P0A6W3	1
P0A6W5	23
P0A6W9	25
P0A6X1	5
P0A6X3	11
P0A6X7	16
P0A6Y1	11
P0A6Y5	9
P0A6Y8	110
P0A6Z1	31
P0A6Z3	79
P0A6Z6	8
P0A705	103
P0A707	30
P0A715	36
P0A717	33
P0A720	15
P0A722	11
P0A725	17
P0A729	6
P0A731	6
P0A734	12
P0A738	14
P0A742	8
P0A744	10
P0A746	12
P0A749	25
P0A752	6
P0A754	1
P0A756	3
P0A759	12
P0A761	4
P0A763	16
P0A772	1
P0A776	1
P0A780	8
P0A784	16
P0A786	42
P0A790	9
P0A794	14
P0A796	30
P0A799	73
P0A7A2	19
P0A7A5	15
P0A7A7	53
P0A7A9	20
P0A7B1	38
P0A7B3	4
P0A7B5	22
P0A7B8	4
P0A7C2	19
P0A7C6	12
P0A7D1	17
P0A7D4	64
P0A7D7	35
P0A7E1	39
P0A7E3	8
P0A7E5	49
P0A7E9	12
P0A7F3	24
P0A7F6	32
P0A7F9	9
P0A7G2	14
P0A7G6	27
P0A7H0	5
P0A7H6	10
P0A7I0	23
P0A7I4	35
P0A7I7	11
P0A7J0	15
P0A7J3	17
P0A7J7	14
P0A7K2	22
P0A7K6	20
P0A7L0	46
P0A7L3	8
P0A7L8	11
P0A7M2	13
P0A7M6	9
P0A7M9	11
P0A7N1	5
P0A7N4	10
P0A7N9	7
P0A7P5	5
P0A7Q1	1
P0A7Q6	2
P0A7R1	22
P0A7R5	18
P0A7R9	15
P0A7S3	12
P0A7S9	25
P0A7T3	15
P0A7T7	6
P0A7U3	19
P0A7U7	14
P0A7V0	41
P0A7V3	29
P0A7V8	34
P0A7W1	33
P0A7W7	19
P0A7X3	14
P0A7X6	10
P0A7Y0	19
P0A7Y4	9
P0A7Y8	8
P0A7Z0	14
P0A7Z4	47
P0A800	17
P0A805	16
P0A809	4
P0A812	14
P0A814	1
P0A817	45
P0A821	23
P0A823	3
P0A825	59
P0A828	1
P0A830	1
P0A832	7
P0A836	34
P0A840	10
P0A843	1
P0A847	38
P0A850	79
P0A853	17
P0A855	28
P0A858	35
P0A862	18
P0A867	46
P0A867;P0A870	3
P0A870	47
P0A873	9
P0A877	30
P0A879	31
P0A881	8
P0A884	19
P0A887	26
P0A890	6
P0A894	17
P0A898	2
P0A8A0	14
P0A8A2	10
P0A8A4	11
P0A8A8	1
P0A8B2	15
P0A8B5	9
P0A8C1	3
P0A8C4	4
P0A8D0	12
P0A8D3	5
P0A8D6	10
P0A8D9	1
P0A8E1	14
P0A8E5	4
P0A8E7	26
P0A8F0	19
P0A8F4	19
P0A8F8	38
P0A8G0	22
P0A8G3	28
P0A8G6	18
P0A8G9	4
P0A8H6	9
P0A8H8	6
P0A8I1	3
P0A8I3	20
P0A8I5	17
P0A8I8	12
P0A8J2	6
P0A8J4	7
P0A8J8	42
P0A8K1	18
P0A8K5	4
P0A8L1	47
P0A8L5	3
P0A8L7	3
P0A8M0	37
P0A8M3	76
P0A8M6	12
P0A8N0	7
P0A8N3	44
P0A8N3;P0A8N5	20
P0A8N5	25
P0A8N7	6
P0A8P1	1
P0A8P3	19
P0A8P6	10
P0A8P8	4
P0A8Q0	1
P0A8Q6	3
P0A8R0	9
P0A8R4	2
P0A8R7	6
P0A8R9	9
P0A8S1	22
P0A8T1	11
P0A8T7	174
P0A8U0	5
P0A8U2	2
P0A8U6	10
P0A8V0	6
P0A8V2	180
P0A8V6	7
P0A8W0	18
P0A8W2	7
P0A8W5	17
P0A8W8	34
P0A8X0	15
P0A8X2	19
P0A8Y1	3
P0A8Y3	18
P0A8Y5	21
P0A8Y8	10
P0A8Z0	3
P0A8Z3	2
P0A8Z7	1
P0A901	14
P0A903	32
P0A905	14
P0A908	13
P0A910	52
P0A912	12
P0A915	8
P0A917	13
P0A921	11
P0A924	1
P0A927	11
P0A932	2
P0A935	16
P0A937	1
P0A940	72
P0A944	7
P0A948	3
P0A951	11
P0A953	33
P0A955	11
P0A959	15
P0A962	11
P0A964	1
P0A968	5
P0A972	9
P0A978	2
P0A978;P0A9X9	3
P0A986	1
P0A988	17
P0A991	32
P0A993	24
P0A996	1
P0A998	8
P0A9A2	9
P0A9A6	55
P0A9A9	14
P0A9B2	69
P0A9B6	8
P0A9C3	18
P0A9C5	52
P0A9C9	22
P0A9D2	30
P0A9D4	9
P0A9D8	28
P0A9E0	4
P0A9E5	7
P0A9F1	12
P0A9F3	27
P0A9F6	7
P0A9F9	12
P0A9G2	2
P0A9G4	4
P0A9G6	48
P0A9G8	8
P0A9H1	10
P0A9H5	5
P0A9H7	20
P0A9H9	1
P0A9I3	6
P0A9I8	1
P0A9J0	19
P0A9J4	5
P0A9J6	7
P0A9J8	18
P0A9K3	24
P0A9K7	15
P0A9K9	6
P0A9L3	17
P0A9L5	8
P0A9L8	17
P0A9M0	88
P0A9M2	27
P0A9M5	14
P0A9M8	51
P0A9N0	1
P0A9N4	17
P0A9N8	1
P0A9P0	59
P0A9P4	27
P0A9P6	42
P0A9P9	1
P0A9Q1	28
P0A9Q5	30
P0A9Q7	96
P0A9Q9	29
P0A9R4	9
P0A9R7	15
P0A9S1	8
P0A9S3	14
P0A9S5	14
P0A9S7	10
P0A9T0	36
P0A9T4	18
P0A9T6	4
P0A9T8	6
P0A9U1	6
P0A9U3	30
P0A9U6	2
P0A9V1	23
P0A9V8	1
P0A9W0	7
P0A9W3	59
P0A9W6	4
P0A9W9	21
P0A9X1	15
P0A9X4	39
P0A9X9	7
P0A9Y6	8
P0A9Z1	12
P0AA04	3
P0AA10	34
P0AA16	35
P0AA25	9
P0AA31	7
P0AA37	6
P0AA39	26
P0AA41	7
P0AA43	15
P0AA53	10
P0AA57	4
P0AA60	1
P0AA78	1
P0AA82	6
P0AA84	2
P0AA86	3
P0AA89	3
P0AA91	7
P0AA95	4
P0AA97	3
P0AA99	3
P0AAA1	3
P0AAA9	1
P0AAB4	32
P0AAB6	46
P0AAB8	10
P0AAC0	17
P0AAC4	1
P0AAC8	5
P0AAD6	1
P0AAE0	4
P0AAE2	1
P0AAF3	1
P0AAF6	9
P0AAG0	28
P0AAG3	6
P0AAG5	1
P0AAG8	4
P0AAH0	16
P0AAH4	8
P0AAH8	4
P0AAI3	64
P0AAI5	22
P0AAI9	33
P0AAJ1	6
P0AAJ1;P18776	1
P0AAJ5	4
P0AAJ8	9
P0AAK1	2
P0AAK4	1
P0AAK7	1
P0AAL3	1
P0AAM3	1
P0AAN1	1
P0AAN3	15
P0AAN5	6
P0AAN9	4
P0AAP3	8
P0AAQ2	4
P0AAQ6	2
P0AAR3	21
P0AAR8	2
P0AAS0	5
P0AAS3	2
P0AAS7	6
P0AAS9	1
P0AAT2	5
P0AAT4	14
P0AAT6	14
P0AAT9	12
P0AAU2	2
P0AAU7	3
P0AAV4	5
P0AAV6	3
P0AAW1	7
P0AAX3	3
P0AAX8	14
P0AAX8;P39176	2
P0AAY1	1
P0AAZ4	24
P0AAZ7	6
P0AB01	8
P0AB03	12
P0AB06	4
P0AB10	3
P0AB12	3
P0AB14	8
P0AB18	3
P0AB20	1
P0AB24	39
P0AB26	10
P0AB28	11
P0AB35	1
P0AB38	10
P0AB40	1
P0AB43	13
P0AB46	6
P0AB52	5
P0AB55	4
P0AB58	6
P0AB61	5
P0AB65	6
P0AB65;P30131	1
P0AB67	20
P0AB71	34
P0AB77	20
P0AB80	25
P0AB83	3
P0AB85	4
P0AB87	1
P0AB89	41
P0AB91	31
P0AB96	3
P0ABA0	19
P0ABA4	13
P0ABA6	48
P0ABB0	57
P0ABB4	82
P0ABB8	22
P0ABC3	28
P0ABC7	29
P0ABC9	7
P0ABD3	23
P0ABD5	48
P0ABD8	7
P0ABE2	6
P0ABF1	26
P0ABF4	3
P0ABF6	11
P0ABF8	1
P0ABG4	1
P0ABG7	2
P0ABH0	19
P0ABH7	46
P0ABH9	53
P0ABI4	5
P0ABI8	13
P0ABJ1	21
P0ABJ9	16
P0ABK2	3
P0ABK5	46
P0ABK9	5
P0ABL1	1
P0ABL3	1
P0ABL5	1
P0ABM9	3
P0ABN1	1
P0ABN5	4
P0ABN9	1
P0ABP8	42
P0ABQ0	19
P0ABQ2	12
P0ABQ4	10
P0ABR1	3
P0ABS1	16
P0ABS5	17
P0ABS8	4
P0ABT2	33
P0ABT5	9
P0ABU0	20
P0ABU2	24
P0ABU5	13
P0ABU7	6
P0ABU9	7
P0ABV2	10
P0ABV6	4
P0ABW0	1
P0ABW9	1
P0ABX5	1
P0ABX8	1
P0ABY4	5
P0ABZ1	1
P0ABZ4	8
P0ABZ6	38
P0AC02	23
P0AC13	16
P0AC16	4
P0AC19	7
P0AC23	4
P0AC28	3
P0AC30	7
P0AC33	25
P0AC33;P14407	18
P0AC38	26
P0AC41	54
P0AC44	1
P0AC47	13
P0AC51	5
P0AC53	37
P0AC55	2
P0AC59	35
P0AC62	4
P0AC69	7
P0AC75	12
P0AC81	7
P0AC84	9
P0AC86	43
P0AC88	1
P0AC92	2
P0AC92;P77695	7
P0ACA1	12
P0ACA3	18
P0ACA7	23
P0ACB0	24
P0ACB2	33
P0ACB4	15
P0ACB7	20
P0ACC1	6
P0ACC3	4
P0ACC7	23
P0ACD4	11
P0ACD8	10
P0ACE0	21
P0ACE3	8
P0ACE7	10
P0ACF0	7
P0ACF4	6
P0ACF8	17
P0ACG1	13
P0ACG8	4
P0ACH1	1
P0ACH8	1
P0ACI0	19
P0ACI6	4
P0ACJ0	30
P0ACJ8	32
P0ACK2	5
P0ACK5	9
P0ACK8	2
P0ACL0	9
P0ACL2	13
P0ACL5	5
P0ACL9	19
P0ACM2	8
P0ACM5	7
P0ACM9	1
P0ACN2	1
P0ACN4	5
P0ACN7	8
P0ACP1	14
P0ACP5	11
P0ACP7	31
P0ACQ0	1
P0ACQ4	25
P0ACR2	1
P0ACR4	7
P0ACR7	2
P0ACR9	13
P0ACS2	1
P0ACS5	5
P0ACS7	3
P0ACS9	1
P0ACT6	4
P0ACU0	2
P0ACU2	1
P0ACU5	6
P0ACU7	17
P0ACV0	9
P0ACV4	6
P0ACV6	7
P0ACV8	2
P0ACW4	3
P0ACW6	5
P0ACX3	9
P0ACX5	3
P0ACX9	2
P0ACY1	12
P0ACY3	58
P0ACY9	5
P0ACZ2	1
P0ACZ4	17
P0ACZ8	5
P0AD01	5
P0AD05	13
P0AD07	1
P0AD10	4
P0AD12	17
P0AD14	1
P0AD21	3
P0AD24	6
P0AD27	12
P0AD33	2
P0AD37	3
P0AD40	1
P0AD42	3
P0AD44	6
P0AD49	18
P0AD53	6
P0AD57	11
P0AD59	15
P0AD61	60
P0AD65	20
P0AD68	14
P0AD70	5
P0AD96	29
P0ADA1	15
P0ADA3	11
P0ADA5	4
P0ADB1	19
P0ADB7	1
P0ADC1	16
P0ADC3	8
P0ADC6	7
P0ADC8	2
P0ADE4	18
P0ADE6	18
P0ADE8	37
P0ADF6	3
P0ADF8	15
P0ADG1	1
P0ADG4	27
P0ADG7	54
P0ADH5	1
P0ADI4	33
P0ADI7	7
P0ADJ5	1
P0ADK0	17
P0ADK6	3
P0ADK8	14
P0ADL3	3
P0ADM4	3
P0ADM8	5
P0ADN0	1
P0ADN2	23
P0ADN6	4
P0ADP0	12
P0ADP2	6
P0ADP7	2
P0ADP9	10
P0ADQ2	14
P0ADQ7	3
P0ADR6	17
P0ADR8	24
P0ADS2	5
P0ADS6	21
P0ADS9	13
P0ADT2	7
P0ADT5	21
P0ADT8	16
P0ADU2	8
P0ADU5	12
P0ADU7	2
P0ADV1	10
P0ADV5	11
P0ADV7	11
P0ADV9	2
P0ADW3	17
P0ADW6	2
P0ADW8	3
P0ADX1	9
P0ADX5	1
P0ADX7	14
P0ADX9	10
P0ADY1	58
P0ADY3	10
P0ADY7	11
P0ADZ0	3
P0ADZ4	8
P0ADZ7	11
P0AE01	9
P0AE06	32
P0AE08	38
P0AE12	27
P0AE14	3
P0AE18	33
P0AE22	8
P0AE28	6
P0AE30	2
P0AE34	1
P0AE37	1
P0AE39	4
P0AE45	3
P0AE48	5
P0AE52	22
P0AE58	1
P0AE60	2
P0AE63	11
P0AE67	1
P0AE70	8
P0AE72	3
P0AE78	26
P0AE82	23
P0AE85	10
P0AE88	25
P0AE91	10
P0AEA2	2
P0AEA8	22
P0AEB2	38
P0AEB5	2
P0AEB7	8
P0AEC0	3
P0AEC3	27
P0AEC5	21
P0AEC8	1
P0AED0	22
P0AED5	11
P0AED7	18
P0AED9	18
P0AEE1	15
P0AEE3	11
P0AEE5	19
P0AEE8	3
P0AEF0	11
P0AEF4	8
P0AEF8	3
P0AEG1	1
P0AEG4	17
P0AEG6	16
P0AEH1	13
P0AEH3	4
P0AEH5	4
P0AEI1	40
P0AEI4	23
P0AEI6	6
P0AEJ2	25
P0AEJ4	7
P0AEJ6	20
P0AEK0	5
P0AEK2	20
P0AEK4	43
P0AEL3	7
P0AEL6	10
P0AEM0	4
P0AEM4	5
P0AEM6	2
P0AEM9	42
P0AEN1	11
P0AEN4	6
P0AEN8	5
P0AEP1	1
P0AEP3	34
P0AEP7	1
P0AEQ1	5
P0AEQ3	40
P0AEQ6	2
P0AER0	1
P0AER3	1
P0AES0	23
P0AES2	12
P0AES4	67
P0AES6	67
P0AES9	2
P0AET2	8
P0AET5	1
P0AET8	20
P0AEU0	31
P0AEU3	1
P0AEU7	10
P0AEV1	8
P0AEV4	1
P0AEV7	1
P0AEV9	1
P0AEW4	3
P0AEW6	18
P0AEW9	9
P0AEX3	1
P0AEX5	10
P0AEX9	34
P0AEY3	6
P0AEY5	15
P0AEZ1	34
P0AEZ3	30
P0AEZ7	1
P0AEZ9	16
P0AF03	10
P0AF06	1
P0AF08	25
P0AF12	7
P0AF18	15
P0AF20	16
P0AF24	17
P0AF26	1
P0AF28	17
P0AF36	16
P0AF43	7
P0AF48	8
P0AF50	8
P0AF52	2
P0AF54	1
P0AF56	3
P0AF59	2
P0AF61	1
P0AF63	6
P0AF67	6
P0AF70	5
P0AF90	2
P0AF93	5
P0AF96	5
P0AF98	7
P0AFA2	4
P0AFA7	2
P0AFB1	9
P0AFB5	7
P0AFB8	22
P0AFC0	2
P0AFC3	4
P0AFC7	15
P0AFD1	16
P0AFD4	1
P0AFD6	20
P0AFE4	2
P0AFF2	1
P0AFF4	1
P0AFF6	54
P0AFG0	29
P0AFG3	82
P0AFG6	35
P0AFG8	115
P0AFH0	5
P0AFH2	6
P0AFH6	6
P0AFH8	19
P0AFI0	7
P0AFI2	31
P0AFI5	4
P0AFI7	15
P0AFI9	1
P0AFJ1	7
P0AFJ5	6
P0AFJ7	8
P0AFK0	37
P0AFK6	1
P0AFK9	33
P0AFL3	12
P0AFL6	25
P0AFM2	34
P0AFM4	11
P0AFM6	26
P0AFM9	3
P0AFN2	2
P0AFP2	3
P0AFP4	5
P0AFP6	13
P0AFP9	1
P0AFQ2	1
P0AFQ7	14
P0AFR0	10
P0AFR2	3
P0AFR4	12
P0AFS3	5
P0AFT2	2
P0AFT5	9
P0AFU0	2
P0AFU2	1
P0AFU4	9
P0AFU8	14
P0AFV4	1
P0AFW0	4
P0AFW2	8
P0AFW4	7
P0AFW8	4
P0AFX0	2
P0AFX4	6
P0AFX7	12
P0AFX9	17
P0AFY2	1
P0AFY6	1
P0AFY8	18
P0AFZ1	6
P0AFZ3	4
P0AG00	11
P0AG03	5
P0AG07	17
P0AG14	29
P0AG16	28
P0AG18	10
P0AG20	33
P0AG24	26
P0AG27	15
P0AG30	48
P0AG40	10
P0AG44	10
P0AG48	6
P0AG51	14
P0AG55	21
P0AG59	15
P0AG63	6
P0AG67	85
P0AG71	9
P0AG76	8
P0AG78	22
P0AG80	35
P0AG82	23
P0AG84	19
P0AG86	8
P0AG90	44
P0AG93	8
P0AG96	2
P0AG99	3
P0AGA2	7
P0AGA6	3
P0AGB0	8
P0AGB3	1
P0AGB6	7
P0AGC3	43
P0AGC7	4
P0AGD1	20
P0AGD3	12
P0AGD7	49
P0AGE0	9
P0AGE4	5
P0AGE6	9
P0AGE9	31
P0AGF2	8
P0AGG0	8
P0AGG2	8
P0AGG4	6
P0AGG8	21
P0AGH1	1
P0AGI8	11
P0AGJ2	12
P0AGJ5	20
P0AGJ7	13
P0AGJ9	38
P0AGK4	5
P0AGK8	5
P0AGL2	1
P0AGL5	3
P0AGL7	10
P0AGM7	1
P0C018	9
P0C037	1
P0C054	7
P0C058	4
P0C066	7
P0C077	8
P0C079	6
P0C093	7
P0C0K3	11
P0C0L2	20
P0C0L7	8
P0C0L9	2
P0C0R7	12
P0C0S1	11
P0C0T5	3
P0C0U4	3
P0C0V0	34
P0C7L2	1
P0C8J6	31
P0C8J8	30
P0C8J8;P0C8K0	1
P0C8K0	1
P0C960	9
P0CB39	25
P0CE47	2
P0CE47;P0CE48	103
P0CE48	1
P0CF40;P0CF41;P0CF42;P0CF43;P0CF44;P0CF45	1
P0CF66;P0CF67;P0CF68;P0CF69;P0CF70	2
P0CG19	3
P0CK95	20
P0DM85	1
P0DMC5	18
P0DMC7	10
P0DN74	1
P0DP89	3
P0DTT0	39
P10100	8
P10121	34
P10346	12
P10371	12
P10378	23
P10384	9
P10408	93
P10423	1
P10441	20
P10442	4
P10443	24
P10902	16
P10903	1
P10907	1
P10908	13
P11071	6
P11072	1
P11289	1
P11349	12
P11349;P19318	6
P11446	14
P11447	43
P11454	50
P11458	13
P11557	18
P11875	50
P11880	12
P12008	14
P12281	11
P12282	7
P12295	8
P12758	19
P12994	10
P12995	11
P12996	13
P12998	13
P12999	1
P13000	8
P13001	5
P13009	70
P13016	17
P13024	21
P13029	67
P13033	1
P13035	5
P13036	6
P13039	16
P13445	11
P13458	21
P13482	36
P13482;P62601	1
P13518	7
P13656	2
P13669	4
P13857	8
P14081	36
P14175	28
P14176	3
P14294	21
P14375	2
P14377	1
P14407	8
P14900	17
P15005	5
P15028	2
P15031	1
P15032	1
P15034	35
P15038	28
P15042	39
P15043	5
P15047	16
P15067	22
P15070	1
P15078	1
P15082	4
P15254	120
P15286	6
P15288	39
P15373	5
P15639	55
P15640	35
P15723	11
P15770	11
P15877	28
P15977	21
P15993	1
P16095	8
P16095;P30744	1
P16384	18
P16431	2
P16433	1
P16456	36
P16525	12
P16528	6
P16659	51
P16676	24
P16681	9
P16691	5
P16692	1
P16700	50
P16703	27
P16869	18
P16926	13
P17109	10
P17115	11
P17117	15
P17169	47
P17315	68
P17411	2
P17443	14
P17444	4
P17445	19
P17446	2
P17802	1
P17846	70
P17854	26
P17888	13
P17952	28
P17993	32
P18133	30
P18196	12
P18335	34
P18390	8
P18392	5
P18775	34
P18775;P77374	1
P18775;P77374;P77783	1
P18776	12
P18811	3
P18843	26
P18956	39
P19318	2
P19319	6
P19323	3
P19624	10
P19636	18
P19926	22
P19931	1
P19934	12
P20083	29
P20099	22
P20605	6
P20966	12
P21151	11
P21156	34
P21165	31
P21169	21
P21170	41
P21177	16
P21179	66
P21189	6
P21338	15
P21345	1
P21361;P56614	1
P21362	12
P21363	12
P21367	15
P21369	5
P21420	7
P21499	73
P21507	34
P21513	85
P21514	5
P21515	3
P21517	14
P21599	62
P21645	13
P21693	5
P21829	7
P21865	8
P21866	9
P21888	49
P21889	87
P21893	11
P22106	52
P22186	7
P22188	27
P22255	11
P22256	33
P22259	47
P22333	9
P22523	81
P22524	14
P22525	9
P22564	8
P22634	12
P22729	1
P22731	15
P22939	7
P23003	17
P23256	10
P23305	8
P23331	4
P23367	14
P23485	2
P23522	1
P23524	1
P23538	56
P23721	43
P23827	15
P23830	25
P23836	25
P23837	14
P23839	26
P23840	3
P23842	4
P23843	84
P23845	30
P23847	74
P23857	7
P23862	8
P23865	44
P23869	21
P23871	10
P23872	2
P23873	2
P23874	5
P23878	5
P23882	22
P23883	4
P23886	11
P23893	25
P23894	11
P23898	3
P23908	19
P23909	36
P23917	15
P23930	11
P24171	35
P24173	9
P24177	1
P24178	8
P24182	48
P24186	14
P24188	3
P24192	6
P24193	8
P24202	14
P24203	11
P24205	16
P24207	1
P24215	26
P24216	1
P24224	2
P24228	12
P24230	11
P24232	15
P24242	5
P24251	15
P24252	8
P24255	21
P24554	20
P24555	9
P25397	22
P25437	19
P25516	61
P25519	22
P25522	23
P25524	31
P25526	26
P25534	13
P25535	14
P25536	7
P25539	25
P25552	13
P25553	27
P25665	107
P25666	2
P25714	19
P25718	1
P25736	1
P25737	4
P25738	3
P25740	14
P25741	4
P25742	8
P25745	24
P25746	7
P25748	1
P25798	1
P25888	17
P25889	2
P25894	13
P25906	16
P26281	2
P26365	6
P26459	1
P26602	3
P26612	17
P26616	36
P26646	21
P26647	7
P26648	17
P26649	2
P27111	1
P27126	1
P27127	2
P27128	3
P27129	1
P27238	2
P27240	3
P27241	4
P27242	3
P27243	1
P27247	4
P27248	15
P27249	31
P27250	11
P27278	16
P27294	1
P27296	5
P27297	1
P27298	57
P27300	4
P27302	64
P27302;P33570	2
P27303	17
P27305	5
P27306	29
P27431	12
P27434	16
P27550	34
P27828	21
P27829	15
P27830	9
P27830;P37759	2
P27832	2
P27833	11
P27836	7
P27838	5
P27848	10
P27859	5
P27862	2
P27896	2
P28224	2
P28246	1
P28248	11
P28249	24
P28304	16
P28305	8
P28306	11
P28630	7
P28631	7
P28632	5
P28634	2
P28635	30
P28722	3
P28861	10
P28903	24
P28904	4
P28905	8
P29012	7
P29013	6
P29018	12
P29131	14
P29208	8
P29217	18
P29680	15
P29744	1
P29745	30
P30011	14
P30014	5
P30015	5
P30125	28
P30126	20
P30128	9
P30130	12
P30131	5
P30136	43
P30137	10
P30138	8
P30139	18
P30140	21
P30147	1
P30176	3
P30177	31
P30178	17
P30744	1
P30745	1
P30748	3
P30749	11
P30750	19
P30843	1
P30844	3
P30847	6
P30850	47
P30855	12
P30859	38
P30860	26
P30863	8
P30864	11
P30870	21
P30871	19
P30958	75
P31057	10
P31060	12
P31063	11
P31064	2
P31068	1
P31069	8
P31119	20
P31120	40
P31129	1
P31130	12
P31131	3
P31133	16
P31134	8
P31142	16
P31224	41
P31433	15
P31434	1
P31441	3
P31443	1
P31455	15
P31459	1
P31460	6
P31463	1
P31467	2
P31471	1
P31473	9
P31475	3
P31545	7
P31547	3
P31548	3
P31550	17
P31551	2
P31554	59
P31574	1
P31600	17
P31658	29
P31660	1
P31663	35
P31666	1
P31677	24
P31678	22
P31680	8
P31697	12
P31802	12
P31806	19
P31808	16
P31825	1
P31826	1
P31827	19
P31828	30
P31979	43
P31992	1
P32051	1
P32053	9
P32099	12
P32125	7
P32129	1
P32131	20
P32134	3
P32138	1
P32141	3
P32143	1
P32144	9
P32151	1
P32157	10
P32160	11
P32162	5
P32166	1
P32170	1
P32173	7
P32176	4
P32177	3
P32662	17
P32664	18
P32669	1
P32670	1
P32674	1
P32677	1
P32680	5
P32681	2
P32684	20
P32685	4
P32695	30
P32701	1
P32703	3
P32705	1
P33011	1
P33012	6
P33014	1
P33018	14
P33025	3
P33029	1
P33029;P39160;P77260	1
P33030	15
P33136	53
P33195	29
P33218	6
P33219	10
P33221	30
P33224	11
P33225	1
P33228	1
P33232	24
P33235	1
P33343	2
P33344	1
P33355	11
P33358	1
P33358;P75989	1
P33360	12
P33362	12
P33363	61
P33368	5
P33371	5
P33570	46
P33590	33
P33593	10
P33594	4
P33595	1
P33596	1
P33599	69
P33602	58
P33643	19
P33644	11
P33647	1
P33650	27
P33667	3
P33913	16
P33915	1
P33916	5
P33919	6
P33920	14
P33927	1
P33931	2
P33934	1
P33937	22
P33940	18
P33941	2
P34209	15
P35340	44
P36548	14
P36553	5
P36560	1
P36562	10
P36566	7
P36649	12
P36655	5
P36659	22
P36667	1
P36672	2
P36673	9
P36677	1
P36680	6
P36683	102
P36767	17
P36771	8
P36879	11
P36881	1
P36928	11
P36929	14
P36930	1
P36938	47
P36979	16
P36995	4
P36999	17
P37001	1
P37005	10
P37013	3
P37019	2
P37024	9
P37025	3
P37028	3
P37047	1
P37051	19
P37052	5
P37095	46
P37127	1
P37128	3
P37146	8
P37147	1
P37177	37
P37182	7
P37188	15
P37194	8
P37197	11
P37313	28
P37325	4
P37326	2
P37327	2
P37329	16
P37330	38
P37338	1
P37339	2
P37342	16
P37344	11
P37348	5
P37349	21
P37351	4
P37353	1
P37387	2
P37388	1
P37440	14
P37590	5
P37595	16
P37610	3
P37613	4
P37615	9
P37617	7
P37623	1
P37624	18
P37626	22
P37631	6
P37634	21
P37636	16
P37637	11
P37641	1
P37642	2
P37645	21
P37647	11
P37648	28
P37649	13
P37650	5
P37651	1
P37652	2
P37657	2
P37659	6
P37661	6
P37665	4
P37666	16
P37671	13
P37672	1
P37676	1
P37685	16
P37689	26
P37690	17
P37691	6
P37692	15
P37744	31
P37744;P61887	1
P37745	9
P37747	24
P37749	12
P37750	3
P37751	17
P37757	5
P37759	42
P37760	15
P37765	22
P37766	1
P37767	1
P37769	2
P37773	21
P37774	10
P37794	3
P37902	41
P37903	16
P37908	7
P38038	46
P38051	10
P38104	4
P38105	9
P38134	3
P38489	31
P38506	7
P38521	5
P38683	2
P38684	3
P39099	29
P39160	12
P39161	5
P39165	2
P39172	46
P39173	21
P39176	19
P39177	21
P39180	24
P39187	5
P39199	11
P39263	1
P39264	1
P39265	8
P39267	1
P39274	5
P39279	2
P39280	3
P39285	17
P39286	18
P39288	1
P39297	1
P39298	6
P39300	1
P39304	3
P39310	9
P39315	9
P39321	40
P39325	8
P39332	1
P39334	6
P39337	10
P39342	26
P39346	1
P39353	10
P39356	12
P39358	1
P39359	1
P39360	1
P39363	1
P39366	1
P39367	1
P39371	10
P39376	1
P39377	16
P39379	1
P39380	1
P39382	1
P39383	3
P39384	13
P39385	9
P39389	2
P39396	3
P39401	23
P39406	13
P39407	8
P39408	7
P39409	1
P39410	1
P39411	6
P39451	1
P39452	21
P39453	1
P39829	6
P39830	9
P39831	15
P39836	1
P39838	33
P40120	30
P40191	8
P40710	13
P40711	1
P40719	2
P40874	28
P41039	2
P41052	5
P41407	8
P41409	9
P42588	5
P42593	10
P42596	8
P42597	1
P42599	3
P42604	6
P42616	6
P42620	17
P42624	2
P42625	1
P42632	2
P42641	19
P42904	1
P43329	62
P43337	7
P43340	4
P43341	2
P43531	1
P43533	1
P43671	23
P43672	24
P45395	20
P45424	2
P45425	3
P45464	27
P45465	1
P45468	1
P45469	7
P45470	11
P45475	1
P45522	1
P45523	30
P45524	6
P45527	2
P45530	2
P45531	3
P45532	1
P45537	4
P45544	9
P45552	1
P45565	1
P45568	14
P45577	25
P45578	25
P45579	8
P45748	6
P45753	1
P45771	5
P45795	1
P45799	14
P45800	12
P45804	1
P45955	15
P46022	1
P46118	8
P46122	3
P46125	5
P46130	12
P46139	1
P46144	7
P46474	25
P46837	50
P46850	3
P46852	16
P46853	24
P46854	6
P46859	3
P46887	1
P46888	1
P46889	26
P46890	1
P50456	5
P50457	1
P50465	1
P50466	2
P51024	5
P51025	4
P51981	7
P52006	1
P52007	11
P52060	1
P52061	9
P52062	9
P52074	1
P52076	9
P52094	1
P52095	10
P52096	2
P52097	11
P52101	3
P52102	2
P52106	1
P52108	12
P52119	5
P52129	3
P52598	1
P52612	1
P52627	1
P52643	18
P52644	7
P52645	14
P52647	36
P52697	21
P54901	1
P55135	11
P55138	1
P55734	6
P56256	1
P56258	9
P56262	7
P56580	1
P56614	1
P60240	44
P60293	22
P60340	21
P60390	23
P60422	60
P60438	18
P60472	4
P60546	11
P60560	22
P60595	20
P60624	23
P60651	12
P60664	20
P60716	33
P60720	8
P60723	25
P60752	17
P60757	32
P60782	1
P60785	40
P60869	7
P60872	1
P60906	38
P60955	2
P61175	29
P61316	13
P61320	18
P61517	13
P61714	13
P61887	5
P61889	38
P61949	13
P62399	54
P62517	32
P62601	14
P62615	12
P62617	11
P62620	36
P62623	14
P62672	2
P62707	32
P62768	12
P63020	11
P63177	10
P63183	6
P63204	1
P63224	17
P63228	12
P63235	7
P63264	1
P63284	129
P63386	9
P63389	28
P63417	11
P63883	8
P64423	6
P64426	11
P64429	8
P64435	1
P64448	1
P64451	12
P64455	1
P64459	1
P64461	1
P64463	7
P64467	5
P64474	1
P64476	4
P64479	1
P64483	8
P64490	2
P64493	2
P64499	1
P64503	9
P64506	5
P64517	4
P64519	5
P64530	4
P64534	6
P64540	2
P64545	1
P64554	9
P64557	1
P64559	5
P64564	1
P64581	6
P64585	3
P64588	13
P64594	1
P64596	15
P64599	5
P64602	5
P64604	9
P64606	1
P64610	5
P64612	14
P64614	2
P64616	1
P64624	13
P64631	1
P64636	1
P64638	1
P65292	6
P65294	1
P65367	2
P65556	13
P65807	2
P65870	8
P66817	4
P66899	1
P66948	18
P67080	12
P67087	20
P67095	6
P67244	1
P67430	2
P67553	5
P67601	1
P67603	12
P67660	13
P67662	2
P67697	1
P67699	2
P67762	3
P67826	16
P67910	41
P68066	26
P68187	9
P68191	9
P68206	6
P68398	2
P68567	6
P68679	17
P68688	5
P68699	2
P68739	12
P68767	46
P68919	21
P69054	1
P69222	6
P69228	16
P69346	4
P69348	1
P69380	1
P69411	7
P69423	3
P69425	8
P69428	4
P69434	2
P69441	34
P69451	5
P69488	3
P69490	6
P69503	9
P69739	2
P69741	3
P69776	3
P69783	17
P69786	24
P69791	1
P69795	2
P69797	36
P69801	1
P69805	12
P69811	12
P69820	1
P69822	1
P69828	17
P69829	11
P69831	7
P69853	4
P69874	14
P69902	10
P69908	1
P69908;P69910	55
P69910	2
P69913	6
P69922	8
P69924	22
P69931	9
P71242	1
P71298	4
P75672	4
P75682	2
P75687	1
P75691	41
P75694	13
P75713	6
P75728	7
P75736	15
P75745	14
P75746	8
P75767	9
P75777	8
P75779	6
P75780	31
P75782	6
P75783	2
P75791	15
P75792	6
P75793	1
P75796	26
P75797	26
P75799	1
P75800	4
P75801	3
P75804	3
P75809	7
P75811	1
P75817	1
P75818	11
P75820	5
P75821	12
P75822	3
P75823	20
P75824	1
P75828	15
P75829	7
P75830	12
P75831	7
P75838	8
P75839	1
P75849	12
P75853	1
P75862	1
P75863	23
P75864	37
P75867	12
P75870	7
P75874	14
P75876	17
P75905	1
P75906	1
P75913	29
P75914	14
P75915	6
P75919	3
P75931	6
P75936	1
P75937	1
P75938	1
P75946	3
P75949	24
P75952	5
P75954	2
P75957	8
P75958	6
P75959	9
P75960	18
P75966	8
P75974	4
P75975	1
P75981	1
P75989	5
P75992	1
P76001	2
P76002	15
P76004	9
P76007	7
P76008	12
P76010	1
P76014	16
P76015	15
P76016	1
P76017	1
P76027	31
P76034	23
P76035	10
P76038	1
P76046	11
P76049	7
P76053	8
P76055	12
P76062	7
P76073;P76154	3
P76076	3
P76085	1
P76086	5
P76097	4
P76104	15
P76106	1
P76108	12
P76112	3
P76113	20
P76114	1
P76115	10
P76116	34
P76121	2
P76128	4
P76129	1
P76141	3
P76142	7
P76143	12
P76145	7
P76149	12
P76164	1
P76170	8
P76172	1
P76176	4
P76177	37
P76185	2
P76187	14
P76192	1
P76193	19
P76194	4
P76213	3
P76215	1
P76216	1
P76217	1
P76220	14
P76222	4
P76223	12
P76226	1
P76227	2
P76231	1
P76234	3
P76235	5
P76237	3
P76243	18
P76245	3
P76250	3
P76251	7
P76254	1
P76256	6
P76257	4
P76268	17
P76270	13
P76272	25
P76273	4
P76280	1
P76290	12
P76291	17
P76297	1
P76316	22
P76318	1
P76329	10
P76330	7
P76339	2
P76340	4
P76341	3
P76342	10
P76344	25
P76346	7
P76372	30
P76389	5
P76394	1
P76397	8
P76398	3
P76399	1
P76402	4
P76403	25
P76406	5
P76407	6
P76418	5
P76419	2
P76422	20
P76423	10
P76440	4
P76445	1
P76446	3
P76471	2
P76483	1
P76491	8
P76502	3
P76503	8
P76506	10
P76507	2
P76513	2
P76518	1
P76520	5
P76535	8
P76536	31
P76537	7
P76539	9
P76540	1
P76541	4
P76542	5
P76547	1
P76549	2
P76550	23
P76555	1
P76558	58
P76559	2
P76561	6
P76562	6
P76569	12
P76573	1
P76575	6
P76576	12
P76577	1
P76578	73
P76594	15
P76621	1
P76641	4
P76658	42
P76909	1
P76938	2
P77044	1
P77129	1
P77148	13
P77150	8
P77161	1
P77162	1
P77171	12
P77173	14
P77181	10
P77182	5
P77187	1
P77196	1
P77202	22
P77212	10
P77213	8
P77214	1
P77215	1
P77221	1
P77223	2
P77239	1
P77243	1
P77245	1
P77247	17
P77252	4
P77256	3
P77257	1
P77258	11
P77260	1
P77263	1
P77265	5
P77269	1
P77272	1
P77279	8
P77280	1
P77285	7
P77293	6
P77295	2
P77300	7
P77301	1
P77302	9
P77307	3
P77309	1
P77316	1
P77318	10
P77324	1
P77330	3
P77334	1
P77335	2
P77338	19
P77348	25
P77357	1
P77360	1
P77364	2
P77368	2
P77374	24
P77374;P77783	3
P77375	1
P77376	12
P77395	16
P77398	4
P77399	7
P77432	1
P77433	6
P77434	24
P77439	1
P77444	16
P77445	1
P77454	5
P77473	1
P77475	10
P77485	4
P77488	31
P77499	19
P77504	6
P77522	20
P77526	7
P77529	6
P77536	5
P77539	2
P77541	1
P77544	9
P77552	11
P77554	14
P77559	3
P77561	5
P77562	13
P77567	1
P77569	7
P77570	7
P77580	1
P77581	6
P77596	1
P77608	1
P77609	1
P77611	18
P77615	1
P77619	2
P77625	12
P77626	1
P77649	12
P77667	2
P77671	1
P77674	11
P77689	16
P77690	5
P77694	1
P77695	6
P77712	1
P77713	10
P77717	6
P77718	25
P77721	2
P77730	2
P77732	1
P77735	26
P77736	1
P77737	32
P77739	11
P77748	57
P77754	18
P77756	9
P77757	1
P77766	1
P77774	17
P77775	10
P77781	8
P77783	24
P77788	1
P77791	7
P77795	1
P77804	50
P77806	9
P77808	15
P78055	7
P78061	1
P78067	23
P80644	1
P80645	1
P80668	4
Q06065	5
Q06067	1
Q2EEQ2	2
Q2EES0	1
Q2M7R5	4
Q2M7X4	5
Q2MB16	2
Q46798	12
Q46799	1
Q46800	1
Q46801	1
Q46802	1
Q46803	1
Q46807	1
Q46808	1
Q46811	1
Q46812	1
Q46814	1
Q46822	1
Q46824	1
Q46829	23
Q46835	1
Q46845	17
Q46851	24
Q46855	4
Q46856	24
Q46857	29
Q46858	1
Q46861	9
Q46863	1
Q46864	5
Q46865	1
Q46868	8
Q46871	10
Q46893	9
Q46901	1
Q46919	2
Q46920	15
Q46925	9
Q46927	3
Q46938	1
Q46939	3
Q46948	8
Q47083	8
Q47146	24
Q47147	13
Q47149	1
Q47150	5
Q47155	1
Q47156	2
Q47157	1
Q47537	2
Q47622	16
Q47679	10
Q47690	9
Q47702	4
Q47710	4
Q57261	16
Q59385	21
Q6BEX0	1
Q6BF16	1
Q6BF17	3
Q7DFV3	1
Q93K97	10
P0A6D5	1
P0AAC6	1
P0AAL6	1
P0AAL9	1
P0AC00	1
P0ACI3	1
P0ADI0;P77170	1
P0ADM0	1
P0AGC5	1
P0CB62	1
P0CF91;P0CF92;P0CF93	1
P11350	1
P11553	1
P11664	1
P17334	1
P24173;Q47689	1
P33634	1
P37340	1
P39370	1
P45463	1
P67624	2
P75683	1
P77333	1
P77493	1
Q46891	1
P05052	1
P0AC98	1
P0AGM5	1
P26608	1
P37195	1
P37678	1
P46068	1
P75948	1
P76584	1
Q46899	1
P0A8C8	1
P0A9C0	1
P0AC65	1
P19925	1
P27245	1
P75933	1
P76182	1
P76208	1
P76298	1
P76361	1
P77743	1
P0A6J3	1
P0A8S9	1
P0DPO3	1
P16432	1
P52636	1
P63201	1
P69506	1
P76206	1
Q2EET2	1
Q46904	1
P0DSF4	1
P76148	1
P42628	1
P65290	1
P75972	1
P77211	1
P05707	1
P24077	1
P37597	1
P38054	1
P75719	1
P75825	1
P76538	1
P76586	1
Q47158	1
P39405	1
P76146	1
P18775;P77783	1
