Majority.protein.IDs	P_4.RIC_1	P_4.RIC_2	P_4.RIC_3	P_4.RIC_4	P_4.RIC_5	P_4.RIC_6	P_4.RIC_7	P_4.RIC_8	P_4.RIC_9	P_4.RIC_10	P_4.RIC_11	P_6.RIC_1	P_6.RIC_2	P_6.RIC_3	P_6.RIC_4	P_6.RIC_5	P_6.RIC_6	P_6.RIC_7	P_6.RIC_8	P_6.RIC_9	P_6.RIC_10	P_6.RIC_11
A0A075B6H9	34847	87251	39394	40341	42727	51288	37853	72286	42067	46603	26273	32083	40876	50691	58515	32968	38083	37138	35395	51815	52347	35346
A0A075B6I9;P04211	101490	169950	61382	83598	86418	121090	83259	119260	61073	100760	84078	76736	83664	125190	65350	80610	75906	76086	87507	73270	109490	80759
A0A075B6K4	165430	135020	60691	118940	79944	137160	67529	103590	69481	100500	76743	162430	103080	130410	122660	90457	76299	91018	114080	124650	197430	118260
A0A075B6K2;A0A075B6K5;P80748	62152	79009	47033	40289	66940	58044	41581	69596	35667	30110	41328	11984	10365	16831	13097	15632	5153.7	7377.6	13434	19887	8440.7	14365
A0A075B6P5;A0A075B6S6;A0A087WW87;A0A0A0MRZ7;P01614;P01615	43519	93775	23943	36852	49822	56989	22098	56844	35024	50070	20604	28531	47550	40188	39156	34402	27116	11973	24434	45933	57963	61653
A0A075B6S2;A2NJV5	28241	190180	37738	46157	32477	46253	29661	49076	27078	38169	40329	NA	NA	NA	NA	NA	NA	NA	NA	NA	NA	NA
A0A0A0MRZ8;P04433	163420	293950	83990	180400	159330	238980	97656	276630	107030	153880	120690	116700	172270	143270	174210	110660	99182	68465	152400	183970	160400	115660
A0A0A0MS15	14593	27230	8480.3	10622	9670.8	20094	3972.3	12329	6252.8	10809	7063.5	NA	NA	NA	NA	NA	NA	NA	NA	NA	NA	NA
A0A0B4J1U7	46689	301130	54506	109960	209340	392760	97364	128090	54323	182300	77064	18786	68393	44061	111050	20398	52816	21518	155890	60140	122740	54467
A0A0B4J1V0	15282	61095	19666	21946	26880	17978	9235.1	32764	18291	14295	16973	NA	NA	NA	NA	NA	NA	NA	NA	NA	NA	NA
A0A0B4J1X5	192280	571640	91786	183000	196540	379340	105390	384760	153440	175320	152230	175030	371020	260770	446600	333630	224900	178380	341550	423830	340150	242170
A0A0B4J1Y9	305520	986260	186930	319360	361600	402220	175830	540130	227610	298610	245610	135130	155460	177860	145310	161660	89637	67600	154970	132040	224900	152060
A0A0C4DH25	43511	123770	30074	76383	58068	85702	34063	95181	36451	48266	34333	49378	70347	47904	66927	51455	50188	39111	63909	57344	79513	41346
A0A0C4DH38	76527	154930	54690	74802	69717	103470	48327	80287	76658	76032	64588	60232	93768	96161	123500	76481	57944	64098	60929	105180	120970	78136
A0A075B6R2;A0A087WSY4;A0A0C4DH41;P01824;P01825;P06331;P0DP06;P0DP07;P0DP08	215440	459320	158740	228560	212990	294180	127240	279130	158430	215350	175500	64196	90772	76453	82954	99580	81893	63676	86345	91301	149330	83999
A0A075B6H7;A0A0C4DH55;P01624	65431	122680	37490	87231	55923	83220	32772	99549	50109	71425	46300	104990	151960	118680	141390	104640	100810	63780	135440	122020	157970	86783
A0A0J9YXX1	NA	NA	NA	NA	NA	NA	NA	NA	NA	NA	NA	19488	42763	36188	87267	43442	26928	20906	27361	52465	62500	27138
A1L4H1	4547.4	6658.5	4444.5	3562.9	6337.6	3500.5	5057.8	5552.6	6421.1	4765.2	6523.4	19979	16863	26394	23048	19587	22019	16665	26547	27871	20299	21129
B9A064;P0CG04	1422600	2761300	841430	1678200	1739900	2533700	917010	2315800	982260	1369300	1200700	2033300	2082100	2532900	2247700	1769200	1572600	1057500	2608000	2166900	2595800	2222400
O00151	NA	NA	NA	NA	NA	NA	NA	NA	NA	NA	NA	25506	64542	112710	75024	21533	63989	23622	40435	28000	33306	39106
O00187	363700	544410	691130	503240	721270	486050	578610	511030	579980	508160	479370	611570	649680	666970	663190	539110	552310	598570	582630	551730	659490	603970
O00391	868800	1203000	1251200	1125500	1293200	1054100	1209400	1016900	977910	981100	1122300	2037100	2202200	2078400	2283800	1750100	1537000	2079800	1751400	2020900	1831400	1749300
O00533	424930	514100	619130	453770	517670	459570	582360	409340	403720	418510	447430	668330	732490	610360	639660	581000	472650	690240	488870	511470	512070	522240
O00592	66550	76310	109920	77699	124380	87781	132740	66946	76683	77567	74775	140890	168280	196730	185430	168960	129030	192710	121330	154190	168150	140120
O00602	97181	75666	82966	54920	70760	72659	44421	74041	72323	65968	64732	57954	97195	63331	76770	57028	108880	68838	71986	55800	98963	44868
O14786	108350	124240	145650	133270	138840	110280	146340	85714	94512	104170	125750	281540	192740	218030	202410	194050	188370	249510	188580	215470	174050	188580
O14791	2056500	1659100	1728500	1346000	2543000	1269800	1831100	2431900	4035400	1941700	1585400	940590	1478700	1398400	1747600	1976200	1528800	1683700	1096800	2029300	2002400	1348400
O43493	83759	90330	211540	81664	227290	82756	210730	81219	80171	100330	151700	30365	13819	36064	13488	26946	16259	23087	15664	23391	14633	25291
O43866	941980	2140000	999430	750560	1604900	1055000	705900	974470	6e+05	660810	855520	2231100	1154000	1418300	1645900	1514700	1234200	2029600	1281300	2172600	1813400	1494300
O60814;P06899;P23527;P33778;P57053;P58876;P62807;Q16778;Q5QNW6;Q8N257;Q93079;Q96A08;Q99877;Q99879;Q99880	49124	54058	84255	48458	55182	48898	57061	51608	49892	47441	124870	278740	284400	298990	360590	333480	252290	316470	296670	324820	275410	127220
O75533	148100	273680	128310	207790	115510	304760	130040	216430	128300	211070	177830	348690	463010	363570	440280	323990	387040	248500	387200	382040	399830	282430
O75636	4849100	6859000	22963000	6092600	17056000	7280100	6943500	6040400	9546800	9374000	9908500	2164000	2822900	3197900	2601300	1796100	2424800	2458900	2039400	2548800	2593600	1965300
O75882	6788200	7859500	9513600	7412200	11528000	6937200	8184100	6879900	7412600	6794600	7826700	7502500	10029000	9559700	11137000	9311500	7081600	10613000	8361600	8393300	8467400	8639700
O95445	782630	956200	1519100	800520	1154500	936960	1516900	781920	895270	1087700	1171200	1324600	1813100	1494900	2050500	1614000	1382300	1911400	1144200	1538000	1598200	1703800
O95497	145090	164360	119130	197950	228620	148900	127910	214770	284340	180400	175870	232520	608230	191450	262690	284270	350020	143820	411940	310630	290870	247550
O95866	NA	NA	NA	NA	NA	NA	NA	NA	NA	NA	NA	NA	NA	NA	NA	NA	NA	NA	NA	NA	NA	NA
P00338	10994	17594	30861	16264	25695	14996	35861	19258	15997	13902	21163	96896	65934	91579	98211	92970	90354	68298	69676	62897	68390	68611
P00450	43585000	35363000	35753000	34094000	28630000	27585000	42598000	50627000	60096000	39241000	36668000	42352000	40477000	32233000	36703000	45605000	51206000	47314000	43389000	37521000	43769000	38554000
P00488	223680	325080	264380	204180	390270	213210	323700	215530	222410	338080	257910	103820	98599	136170	141920	121790	149840	196930	142990	150520	122870	166280
P00558	17093	17431	38513	22590	18295	14673	30104	25022	28378	17053	22356	24526	25228	51779	35262	33660	33345	25782	33452	27999	30941	31432
P00734	15477000	14544000	17470000	15947000	14639000	12093000	14130000	13276000	16524000	14117000	15421000	13474000	17472000	16560000	23248000	16820000	20270000	15873000	16793000	17699000	16872000	15188000
P00736	8959900	9569700	11620000	9300800	9664100	7931400	6960600	8175900	9896800	9355600	9165800	12737000	13787000	13054000	15357000	14034000	11526000	14556000	13787000	12771000	13235000	11993000
P00738	14576000	6345800	7169900	6959300	21060000	7475800	13578000	6662600	11745000	9804700	9304700	3319400	9376800	16376000	9280000	9902800	13086000	16613000	11935000	22715000	11909000	12045000
P00739	560240	282050	254350	204910	292460	314920	232160	294230	347110	263980	219680	179900	282650	231800	322770	191740	331310	210300	377000	224530	414580	225010
P00740	1064400	1024400	1277200	756730	1067900	879190	957150	890180	1322500	1185200	1076300	1578100	1203500	954580	1224600	1924700	1200300	1113300	1376800	1028400	1492100	1438400
P00742	2123600	1840000	1826700	1921000	1774700	1717000	1821500	1638800	2024100	1959700	1950200	2678000	3354900	2826800	3706100	3489000	2726600	3172400	2899600	3188700	3312400	2676100
P00746	283520	303170	442020	320230	487960	279840	566810	252600	317830	310670	421200	1093900	634260	690920	629800	650290	594730	600870	632800	801800	545890	620360
P00747	29162000	30181000	25662000	26425000	29071000	28701000	22885000	32629000	37388000	32892000	29803000	26545000	19043000	27759000	30316000	27585000	29072000	17690000	30774000	24124000	35871000	26237000
P00748	2552800	2015300	1848900	2633100	1741700	2495000	2231200	2842500	1896300	2730400	2213700	2029300	3739500	2115300	3924100	2293800	3066900	1859600	3489900	1853500	2959600	2590800
P00751	42427000	35432000	32201000	31113000	36489000	28892000	25225000	27066000	46261000	38245000	34908000	39904000	40702000	38010000	40317000	41624000	44298000	32828000	49184000	42756000	34080000	35986000
P00915	330210	562590	643270	613780	562640	567890	1238500	612430	1707600	354970	564020	578900	825050	641900	645680	372930	504650	357570	565240	635880	395200	682230
P00918	300980	507450	468710	470490	494260	489260	900550	465170	821420	339580	489720	227750	459410	416820	400250	233840	287820	271190	330320	336780	273010	304620
P01008	15886000	24803000	9128200	24179000	13633000	26178000	6666300	18015000	15887000	21139000	17793000	21809000	20015000	19078000	14413000	14744000	20082000	11109000	15492000	9626000	19792000	14346000
P01009	15319000	13127000	19234000	12575000	17196000	12219000	13658000	20009000	19320000	14475000	18826000	17594000	113410000	17274000	38823000	20570000	26755000	19661000	30430000	208410000	18992000	18183000
P01011	83744000	71462000	86496000	68241000	61901000	69156000	85931000	55385000	72718000	67188000	77943000	77689000	90405000	84329000	86399000	106300000	97904000	70601000	95208000	82861000	77143000	78583000
P01019	9269900	6606500	4543700	5704500	6319400	5498300	7508600	13832000	15909000	6510600	7463400	6566900	9131700	7178100	8391100	8705100	8452200	6105700	8162400	5732200	13598000	7915800
P01023	10236000	11756000	13589000	9645600	30497000	11437000	17424000	12306000	9736500	10723000	12108000	13823000	15461000	15264000	26057000	13427000	13935000	41879000	12900000	54117000	22675000	16161000
P01024	281780000	220500000	251130000	215800000	278370000	201800000	223480000	180600000	267710000	214110000	237010000	342100000	334760000	348250000	416960000	459310000	334260000	489440000	332870000	346200000	338470000	326380000
P01031	22542000	19327000	29198000	22249000	31501000	20377000	28550000	17701000	21689000	21334000	24571000	33416000	40074000	32931000	40951000	43249000	39925000	40721000	39677000	27453000	26448000	31681000
P01033	120950	138290	220970	129300	199670	115050	152050	129260	116410	113070	175520	148010	104270	149740	138430	126470	112120	165270	124720	135760	125700	122160
P01034	258780	290240	432770	283260	422110	275330	647740	266820	312360	283230	470870	769410	464630	452270	454450	406450	415140	492260	405460	717720	389540	554550
P01040	242000	342230	269990	252760	306880	262170	273300	277960	288010	298270	193180	138410	144890	179160	167100	145820	153890	143960	118220	167730	171500	89627
P01042	40423000	39930000	27926000	40465000	40455000	32034000	29772000	43576000	46991000	38921000	34677000	38816000	59286000	39549000	55504000	42756000	45344000	41610000	42911000	42196000	50215000	39221000
P01137	23113	37123	27978	26740	27646	29913	31978	31890	25606	32586	27442	26609	37621	40238	47816	43551	44883	43609	33863	41903	46276	31638
P01344	115010	142480	143550	161470	146730	130850	138650	121730	167440	180490	139400	98251	109450	104940	90027	91301	76696	93416	92508	74500	105890	91821
P01591	213240	645510	164990	202700	283350	310440	163820	305940	144300	174440	185490	190690	213870	247700	322440	222050	237700	265160	258110	225220	300950	230690
P01602	51114	88221	22150	26163	49985	38772	26012	85041	20788	30459	37101	31345	41681	35248	43706	24736	24557	27113	45528	43343	57914	32132
P01619	209820	546360	114880	317890	251980	377560	151690	428090	202320	239710	205020	190420	314970	272030	379390	259680	184070	126710	279760	279300	349060	229210
P01701	94929	270060	33838	88455	96810	126090	49352	115840	64691	74604	66322	93866	119690	187250	85754	210520	88982	22395	134350	145070	89706	94878
P01706;P01709	60192	146140	25867	42094	56815	74777	26069	77908	35105	54429	37584	49025	47739	64193	59622	54789	43259	32147	52281	43825	72650	52909
A0A0B4J2H0;A0A0C4DH29;P01742;P01743;P0DP01	138230	723560	126770	218370	178950	335600	105800	222880	143720	131430	126110	200270	265120	243950	282850	236670	179580	158360	239010	297910	285850	230850
P01764	133160	234790	89784	104710	100510	113520	63361	221610	106010	104040	87518	150000	212130	246420	209670	214290	136870	165780	202700	204840	314210	146910
P01766	36624	122220	19010	42913	49217	53489	26783	72240	42690	60703	30808	31739	44184	30342	27620	23108	23466	21116	35316	28746	22525	22667
A0A0B4J1V1;P01762;P01763;P01780	236540	462220	185980	329090	238000	309490	194090	378830	162850	302190	150240	256490	324930	331500	384580	316320	244710	196460	333060	317230	429600	298180
P01782;P0DP04	NA	NA	NA	NA	NA	NA	NA	NA	NA	NA	NA	NA	NA	NA	NA	NA	NA	NA	NA	NA	NA	NA
P01834	2825300	6515200	2427700	3461400	2872900	4390700	2112400	4581500	2188800	2522800	2451400	2659900	2975900	2597800	3551100	2356400	2474300	1315600	3571800	3530300	4343100	2728000
P01857	4063400	14688000	3496900	11463000	5586100	11360000	4023300	12107000	6056300	7434100	6389200	4172500	8152900	8379000	5845900	4517600	5407000	2197500	6065600	5097600	5209000	5287600
P01859	1314200	3397400	632690	1752300	1721400	2072200	934090	4480800	1771500	2159800	1402700	770240	1828900	1288100	1412900	847440	951200	345940	1447200	846550	1076000	1070000
P01860	2036700	4035600	1247000	3650700	2208600	3120300	1801300	6069700	2321300	3915200	2056100	1834000	2688900	2440200	2586600	1598000	2304200	788090	1903900	2276500	2474900	1823400
P01861	248450	1513200	280390	175700	512900	467200	407560	672520	282550	278480	349280	397830	584530	181560	661720	217220	347740	172760	428160	856780	321410	348200
P01871	6798700	20245000	2858100	3743800	8653000	8296700	3684800	7896600	3479600	3309600	3874400	2921500	3984300	4165400	6981500	4812700	5476600	4889400	4537400	5269100	7223000	4640100
P01876	10228000	10966000	3384100	5172700	6042500	9652700	3189800	7878700	2336100	2710300	4272600	9249400	4976700	6309200	7663900	5931300	3742400	3351600	8538900	7535400	12538000	6158900
P01877	840700	734140	305370	405760	245750	464510	201610	435440	180860	230860	337910	290480	260410	328420	416290	404690	210420	238210	696190	450580	506360	354650
P02452	NA	NA	NA	NA	NA	NA	NA	NA	NA	NA	NA	153960	93335	139260	87645	62017	73979	113750	76502	114610	91946	92862
P02647	223750000	265200000	241610000	226140000	339800000	243300000	390510000	309210000	281200000	258490000	230180000	234280000	303910000	226440000	320410000	317060000	277010000	433910000	197060000	285800000	392680000	2.65e+08
P02649	6201900	7372800	24792000	7215400	13104000	6493400	13742000	6662500	9063700	9480400	11022000	9711400	8903700	8769600	10626000	11262000	13641000	15011000	10648000	20001000	10348000	10250000
P02652	47490000	71642000	39794000	45952000	46413000	63929000	93649000	72834000	58931000	53292000	48715000	33690000	90694000	39397000	55011000	40447000	30172000	49296000	20503000	61635000	48963000	41514000
P02654	4446100	5846200	16159000	4816400	8674600	6834100	11322000	5418700	6816200	7947900	8358800	16869000	13970000	10796000	17852000	15356000	14408000	12979000	10346000	29863000	21307000	14470000
P02655	2160000	1380500	6355400	1454900	4052100	2097700	3894000	1429100	2676400	2885100	3177500	2805700	2108000	1575000	3325100	3623600	2367000	2997000	3029600	8107600	3164600	3053900
P02656	7087200	4278700	26635000	5127100	14247000	5574800	16594000	5380500	13376000	9096100	10399000	12900000	9744100	7280000	13486000	15681000	12690000	19150000	11100000	36281000	18388000	12973000
P02671	2690400	2971700	4440300	2709000	3882400	2395900	5937400	2605300	2535600	2453000	3905300	2908800	1519400	2865600	1920100	3445100	1440200	1625000	1963500	1767700	1273500	3031500
P02675	86808	92882	177780	97014	198880	135430	208280	93861	99327	145860	213760	78949	45003	48908	50696	52528	53789	39063	71160	44963	42400	146130
P02679	169680	149570	343360	169170	345800	231620	384900	147230	123720	265730	373920	319340	107320	144600	121750	149890	124540	129810	237760	139960	98765	529300
P02730	48781	42661	50090	40100	53970	42443	48550	45133	73537	46453	32128	NA	NA	NA	NA	NA	NA	NA	NA	NA	NA	NA
P02741	431870	271880	1464300	257500	341850	287860	359250	407330	1064000	417560	1117400	745520	336790	180990	339140	1093800	1448000	198690	1094400	281790	236670	826570
P02743	4398500	3867700	6777400	3992700	5304300	4727200	4560000	3875500	6598900	3979200	5843300	4849700	6577800	5099700	6334800	5687100	5222600	4125400	6022700	5895100	4262500	3546500
P02745	1062700	1763700	1834300	1615900	1587000	1250600	656400	1425000	1578300	1411000	1708500	1609000	1976800	1696100	2233500	2020200	1282700	1778500	1879300	1635100	1750600	1725800
P02746	3386000	4616400	4831200	4339800	4543200	3737900	2209100	3652000	4494100	4316900	4268500	4794100	5639500	4829000	6292500	5778200	3802900	4875200	5138500	4896500	5017300	4574900
P02747	1668100	2294300	2346300	2104600	2136300	1892100	1049200	1867500	2212500	2160100	2289200	3524800	4807500	3891100	5483100	4684200	2724200	3692300	3881200	3908100	3942700	4385500
P02748	5501100	4892400	7605300	5067300	5105200	4115900	4916300	3255900	4856200	6845400	5334400	10676000	6521400	6571800	6811100	8867700	9427600	6153600	8639600	7380200	5078700	6394400
P02749	11819000	12869000	14156000	11808000	16734000	11443000	12385000	9416900	12645000	13679000	14954000	33093000	26772000	33964000	33338000	29687000	22906000	24766000	23145000	32104000	26245000	27494000
P02750	2793400	2644200	2994200	2077000	1726300	1557500	3265600	1875000	2168300	2025700	2746300	4418000	2524100	2208800	2340800	3674700	3937000	2191800	2784300	2564500	2492000	3150400
P02751	22628000	29744000	30496000	29081000	47829000	17813000	34485000	17728000	37644000	37030000	23022000	25600000	14986000	36954000	44452000	20240000	16447000	14740000	26759000	21357000	20137000	29459000
P02753	4609300	4822000	6815000	6259700	10429000	4823200	6032400	4433000	7490400	4679400	8679100	31809000	29491000	23837000	26064000	25501000	17382000	24493000	23461000	27147000	24601000	30058000
P02760	5458900	5172000	10909000	5071300	11455000	4602900	8566000	4334800	4990600	4933800	7182100	13610000	8166700	13286000	6950000	13486000	7847200	14116000	7791700	8296500	9047300	10622000
P02763	1474000	851380	648210	949010	603650	743360	792250	830540	566800	1120100	1163900	1321400	912230	1038100	1143200	1010500	1096400	379700	1051700	1014800	1082700	1257900
P02765	25647000	37451000	14153000	30642000	25079000	22189000	13755000	24249000	24846000	20287000	23372000	33146000	37052000	26716000	35284000	25029000	31455000	24311000	30397000	32671000	33926000	25037000
P02766	2016400	1970000	1439100	2596500	2642200	1940300	2313900	1767600	2574900	2078900	2884800	3400400	4147900	3241900	3359300	2760600	2786000	2476000	3042900	6297700	3587000	3136700
P02774	62636000	80566000	43791000	69581000	41056000	58371000	42898000	63491000	62608000	59617000	58086000	90446000	92911000	69588000	95095000	70072000	77936000	51874000	82202000	81631000	82179000	72701000
P02775	5504400	6336400	5265300	5183700	7126000	4420300	3435600	5871100	4959800	5751500	5278500	3232500	6695700	7780900	7423300	6333000	7145900	7515800	6124000	5888200	8574400	5756400
P02776	1394000	1559500	1092700	1582600	1524400	1047200	1018200	1256800	1922300	1356800	1194600	626880	1191500	1389700	1539500	1133900	1404700	1807300	1533900	1038100	1694500	1105900
P02786	1054900	1225100	1227200	1020400	1471700	1109500	1284700	1099900	1048500	1181900	1190600	1071200	1493800	1205100	1455100	1493700	1219300	2616300	1290100	1390400	1341400	1164900
P02787	8352600	12524000	7598000	11345000	10440000	11625000	9562500	14051000	11651000	14193000	9886100	9655200	15642000	13517000	14033000	7912500	12150000	7722700	10673000	12614000	15320000	11641000
P02788	320410	406580	785300	349240	408100	296090	318020	389980	408760	299650	396380	319320	409320	402380	362170	271220	369510	281740	466740	264660	459450	265960
P02790	123650000	147830000	78054000	116550000	82451000	93253000	79757000	119360000	130910000	153170000	120780000	143200000	191820000	147460000	191450000	169890000	213750000	74257000	177030000	145120000	148200000	143720000
P03950	91822	107380	97619	101680	138410	51295	117620	70269	80282	88583	120980	184640	194590	143690	192830	156200	162250	213850	174830	208290	135150	153530
P03951	1761900	1311000	1930700	1764700	2018000	1627300	1633800	1620800	1850900	1966600	1971200	1908100	2309500	1711400	2584300	2668700	2264700	2439000	2220300	1902200	1902100	1894500
P03952	6930600	7566900	6584500	6878600	8520900	5726300	7655800	8381800	8108500	8215800	7290500	7653300	9931100	7764800	10281000	10265000	8819500	10279000	8926300	7582500	8496900	7948200
P04003	26275000	23070000	54775000	22588000	40305000	24685000	38631000	19276000	24185000	26775000	34022000	34202000	39882000	36797000	43554000	58017000	42210000	51231000	39523000	39904000	37461000	39784000
P04004	13536000	16119000	13310000	12826000	16538000	11801000	8966500	13261000	18249000	12390000	13540000	12369000	13421000	13443000	14986000	13118000	12014000	11434000	12632000	11067000	15134000	12650000
P04040	182510	209220	357260	243510	299740	199740	371730	249960	366060	187420	263580	193240	247400	247160	227250	190310	189570	161720	179480	190370	142440	217390
P04070	648800	683360	1102400	610960	960100	601130	789200	630360	676750	713300	776500	606900	768690	664700	911630	628560	938200	973740	778080	729650	786310	656550
P04075	122440	184330	198510	189430	218460	151630	245960	160690	176360	135080	200420	385490	213820	216110	229210	200600	228710	205590	187660	209160	187090	223720
P04114	96105000	137770000	330080000	100100000	222860000	119570000	127160000	126120000	170930000	149900000	144120000	180760000	185170000	140630000	188960000	177120000	164330000	310510000	183950000	177470000	197510000	153250000
P04180	587960	619870	882180	574440	768640	563970	711680	515250	595830	607180	586050	730930	921260	876270	1045300	1090800	856790	1239900	726440	1028000	1011700	778100
P04196	11197000	13936000	11257000	20321000	19134000	18645000	10442000	8997700	8928300	18747000	13779000	19751000	30286000	28991000	27321000	20767000	29320000	16876000	22036000	21498000	22657000	20021000
P04217	11621000	11356000	10540000	9903100	10964000	8566100	11479000	9363800	10821000	12180000	10676000	14292000	16985000	15344000	17568000	15650000	16915000	14671000	16319000	16130000	18150000	15035000
P04275	4079000	4417200	8467800	4080000	6390600	5089100	20223000	3775100	4270400	4490900	5600400	6461800	3348000	4748700	4383400	5716500	2988700	4862400	4537900	5141100	3037200	5836400
P04278	2576100	2149400	1730800	1210400	1262900	1032300	2694200	3665300	1075200	2197100	1312400	1023200	1389500	1139200	1122900	1419800	1273700	1836400	1174000	1271100	2308300	1199400
P04279;Q02383	NA	NA	NA	NA	NA	NA	NA	NA	NA	NA	NA	7313.7	127650	3589.1	3046.7	5673.1	6258.8	6830.8	3636	6505.5	6232.6	7140.8
P04406	26460	32327	38831	39832	32346	28953	51310	42818	54616	25818	39256	245170	223460	344960	277860	267790	257810	180700	204630	259870	229260	175220
P01889;P01893;P04439;P13747;P17693	17098	32389	16855	15973	34682	13924	17097	24692	31314	22533	22521	18494	8046.8	6163.4	8723.6	8022.7	11185	5132.2	6769.5	9594.1	23230	19243
P05062	65244	70499	93015	107330	92910	69529	131040	72759	72264	70521	93981	205830	378060	359350	365920	1447600	241300	261110	243480	291450	240060	299780
P05067	41874	44825	40844	37316	42626	40991	36541	38147	41322	36778	37679	115290	165040	184810	178940	178150	179810	187820	187590	158030	211290	145000
P05090	2784300	4820300	7715700	3654500	5975900	4283600	11687000	4350500	3023000	3548900	5928500	7211800	6157600	2566700	6562000	5686400	4508900	7131000	3714300	6004600	5127300	5944400
P05106	18784	18725	4700.8	30959	15495	14425	20352	26833	9315.4	9060.9	15931	12718	38857	48744	41564	21250	52162	15381	38120	28347	42256	23463
P05109	941460	1152100	3720700	1021900	1703900	543350	741670	1637400	1277700	653350	1475500	273650	254410	263770	224260	215900	283440	223470	209150	282340	229200	483010
P05154	824380	1075600	779480	855350	977170	702410	436740	555260	452970	693200	687570	168540	90396	131940	84874	272590	78354	88701	100290	80234	74769	200050
P05155	27846000	19628000	28712000	22554000	21902000	17277000	33765000	13950000	15344000	18137000	20703000	19057000	7682500	15882000	5555700	18930000	8376000	6767800	8297700	5412800	8235900	15424000
P05156	7816500	6843000	7416400	7028200	8218900	6019900	6341500	5981900	8284100	7834200	7251600	10975000	12199000	9294300	14374000	13237000	12288000	9409000	11885000	11762000	11878000	10331000
P05160	3318100	2799700	4994600	2266300	5065600	2418500	3686900	2699400	3298000	2906300	3413900	3103700	3340300	3269400	3563200	3733900	3094900	5846100	2979500	3833500	3656900	3227800
P05362	100430	133180	171080	136380	131310	126190	148060	118800	89267	106460	148390	76481	85540	87111	98190	106610	81416	93956	95558	82316	89952	85784
P05451;P48304	68729	118200	116340	82761	101740	101440	165210	115190	88350	88460	120370	NA	NA	NA	NA	NA	NA	NA	NA	NA	NA	NA
P05543	2587100	3180000	2196300	2709900	2619900	2336100	2283700	2994700	3093000	2913600	2392000	3351000	3550000	3004500	4037400	3481000	3782700	2517000	3794900	3266700	3415100	3016800
P05546	12098000	8088400	9312400	8430200	13600000	8203700	9810900	8877800	14729000	10015000	9773200	10452000	20280000	15101000	20716000	16863000	19129000	20384000	18734000	23724000	23134000	15317000
P05556	43526	56002	54795	61740	59766	45296	76283	44945	39292	49211	62189	120270	170260	150200	180680	139180	160800	149710	138290	149490	159560	139660
P06276	1909900	1736200	2889700	1672200	3261000	1603600	1698600	1260600	1636100	1406700	1909700	1864000	2714100	2110100	3058500	3195200	2044300	3811300	2347800	3066900	1812900	2418500
P06310	416900	1354200	201300	337100	345750	520910	279220	586560	294250	316370	264880	394860	496160	444650	552030	436750	384310	246590	702540	529630	699500	454780
P06312	337630	798190	204700	271870	296780	321330	176190	552660	221240	233880	225820	56157	88204	71765	108280	82433	55549	54952	96353	78620	109020	81781
P06396	12856000	20367000	9463100	17379000	12577000	15807000	12051000	13977000	12448000	16400000	13821000	22255000	19219000	19300000	25216000	12660000	17946000	13064000	18881000	23473000	19128000	16768000
P06681	3534800	3730600	3783200	3621900	3700500	3336300	3515500	3861500	4015100	3883300	3921200	4258800	5939900	4601500	5410600	5407100	4574300	4542400	5516700	5369100	5125900	4393100
P06702	814580	915480	2418500	821440	1089200	530890	617060	1155000	996170	650590	1245200	758470	637540	674410	658520	515690	745100	439690	615820	809440	790680	1334000
P06727	29682000	38425000	46821000	39082000	55046000	23797000	44772000	32589000	26347000	26569000	35698000	64685000	50304000	60786000	34963000	35373000	36487000	49995000	38913000	27066000	41967000	39476000
P06732	NA	NA	NA	NA	NA	NA	NA	NA	NA	NA	NA	51659	23453	12686	38138	24182	24637	23650	42990	37257	20467	17181
P06733	5816.1	7698.5	13520	8067.3	10673	8243	12423	9086.3	11983	9335.9	10648	42810	54713	58632	55810	52849	67544	80401	41065	61035	57904	49079
P07195	107570	129230	182920	131480	171620	124160	287520	130620	137410	119060	129860	491520	394510	399110	458690	425620	415380	394940	364890	364610	371980	351240
P07225	5263100	4787900	9472400	4662700	7598000	4341300	7497900	3552900	4813700	4726000	6229300	6983200	8037200	7333300	8818900	8881700	7164500	9905200	7760300	8106300	6852200	7710200
P07237	NA	NA	NA	NA	NA	NA	NA	NA	NA	NA	NA	NA	NA	NA	NA	NA	NA	NA	NA	NA	NA	NA
P07307	100980	85083	163620	83479	150340	73359	250160	73284	103040	87745	110210	173350	95960	148340	103710	168060	99426	165630	94242	120110	97627	109460
P07333	33348	38870	41955	42261	32472	32781	39866	34922	30903	32742	32970	31131	17039	30584	22092	33041	17902	35344	17283	20370	17263	27007
P07339	56552	46235	82011	56553	122800	51362	98878	44488	49023	52419	61664	330530	353910	373960	411980	348200	421370	302620	330150	395660	354460	299480
P07357	5135700	4507000	4666400	4382000	4441600	4057900	3394600	2342700	4419400	5201400	4331600	6750200	7325600	7191500	8231700	7745300	8426100	7216400	7717900	7142900	6513600	6072500
P07358	4888500	4719800	4336600	4242700	4384900	4475500	3163500	2536700	4468100	5156000	4472600	6425200	6782400	6962500	7838700	7075800	7905000	7034900	7336300	6695800	6480000	5281500
P07359	579200	591850	912090	555730	1016000	299230	898960	384420	352190	414770	614130	593200	762340	1246000	834880	709890	822280	957340	634810	602940	754700	743030
P07360	1113900	825400	950950	894190	999020	938090	828440	633230	1008300	1149800	1010300	1751300	2020000	1783700	2286900	1951400	2179000	1771800	2016000	1921900	1843500	1594000
P04350;P07437;P68371;Q13509;Q13885;Q9BUF5;Q9BVA1	NA	NA	NA	NA	NA	NA	NA	NA	NA	NA	NA	NA	NA	NA	NA	NA	NA	NA	NA	NA	NA	NA
P07602	27627	33485	35539	42245	55425	24757	38291	33794	28486	29076	37713	62093	56388	65844	61051	52054	58537	48065	46936	53217	48603	43894
P07737	138820	153760	204290	208000	146910	86824	347020	243320	143080	128270	233190	163180	437740	451170	343790	150590	327570	143160	279090	192690	218580	230040
P07858	14745	24429	40025	20589	40753	18073	29218	15031	16906	14311	23063	90256	51576	55436	54540	44798	57485	65521	60404	54146	46302	51347
P07942	35341	37610	62151	48366	56899	35174	80317	38413	38927	35940	38103	88123	97339	95474	91178	68158	81490	81617	80295	80525	78898	69227
P07998	NA	NA	6661	NA	3452.4	NA	9658.1	NA	1948.1	NA	2524	16575	8725.1	11898	12611	8179.3	12458	8395.9	5900	15973	7239.8	14756
P08185	2042500	2774700	1309800	2504400	1576200	2211500	1639900	4383100	3145300	2023800	2083600	2410200	3236000	2109300	3509200	2361700	2876400	2072700	2907200	2074900	3064400	2524600
P07900;P08238;Q14568;Q58FF8	NA	NA	NA	NA	NA	NA	NA	NA	NA	NA	NA	32166	42732	44640	42906	44285	41101	36791	34493	44513	38568	21121
P08253	81580	142980	172720	104850	157730	94947	279030	109090	69616	85245	128660	229190	212930	200640	213340	158790	171780	264560	171890	227530	186150	196570
P08294	41946	49665	45050	54544	40434	46338	44899	57438	40116	45313	43215	52439	67845	60162	55322	48850	57744	50617	51672	62191	63457	42746
P08514	17263	21132	12476	20692	14821	8274.1	17667	20133	14300	16501	13959	14206	41207	40749	34227	19523	42191	10179	33666	20270	27953	22017
P08519	912810	1260800	13321000	1253400	1158900	1155700	1281600	989670	958070	1095500	1842100	4236800	1903600	4791300	1654100	2154900	2181200	9949600	1449200	4975500	2177800	2455200
P08567	NA	NA	NA	NA	NA	NA	NA	NA	NA	NA	NA	26836	59037	106870	55003	31995	60220	32006	39246	39750	48179	40245
P08571	528020	682520	727160	581170	640160	498870	643970	552010	454580	596690	598420	583700	637240	556900	640390	561940	653780	520920	614020	649000	580270	551870
P08603	50290000	43277000	62083000	37667000	62545000	35476000	39048000	29636000	52271000	40634000	51242000	53515000	61263000	60262000	57894000	64954000	52752000	82005000	53744000	60673000	49695000	56904000
P08637	13745	9812.6	21261	11558	12993	18702	17288	13105	11518	9268.3	17082	70236	78457	90578	62702	107920	59669	50046	31493	77490	68338	68641
P08697	2970100	3911500	2296900	3853800	2685400	3795500	2639800	3456200	3730900	4116000	3232100	3559300	3503500	3648900	3023600	3873300	2951300	2055200	2786500	2269800	3615300	3180300
P08709	74014	66857	88610	69249	94443	55980	91568	97881	91871	71104	72604	74255	81268	64868	86178	98440	82578	95099	57659	75543	110710	89557
P09172	936020	872630	495540	1100100	888460	528910	630390	1049200	483570	1022300	810750	1163100	700900	603070	1549300	1217700	845190	1358700	947330	898040	1001400	788770
P09382	18560	25095	30842	29461	35429	23222	69936	26771	30325	29464	24606	NA	NA	NA	NA	NA	NA	NA	NA	NA	NA	NA
P09486	289850	330610	265780	234940	359070	211280	196460	255310	233930	251010	273610	268470	395830	395470	420910	360920	357060	458670	433380	329500	386200	342260
P09871	7960000	8856800	10968000	8381200	8757900	7425500	6172500	7219800	8999900	8370200	8355200	9320400	10261000	9543000	10700000	10114000	8458200	10222000	9849800	8689800	9386100	8889500
P0C0L4	2024200	1205500	2118700	1116600	2109300	813580	1719200	612830	1719800	660070	1254200	1890100	788320	2889900	1471700	1572600	1672600	2519700	2817900	1973200	1481600	1707100
P0C0L5	1.14e+08	60309000	97252000	65334000	76405000	59979000	66531000	41346000	64056000	59061000	69268000	112410000	89493000	1.18e+08	101970000	151860000	97195000	156530000	140520000	99266000	94388000	103360000
P04908;P0C0S5;P0C0S8;P16104;P20671;Q16777;Q6FI13;Q71UI9;Q7L7L0;Q93077;Q96KK5;Q96QV6;Q99878;Q9BTM1	37250	33303	73317	40503	47158	35928	42629	45275	41180	40786	176850	274900	324530	282230	364450	316420	278520	282900	294690	360540	259470	141620
P0CG47;P0CG48;P62979;P62987	81374	99846	112430	117130	108920	92573	147030	107120	130770	96782	103690	318150	368100	438400	374670	261850	361420	278620	279940	334390	303990	231030
P0DJI8;P0DJI9	201130	331760	840510	148650	287980	220580	453700	246830	453540	559610	1065400	219430	474580	278180	235570	431150	520390	181890	213920	369360	320250	725130
P0CF74;P0DOY2;P0DOY3	1262000	2665900	590860	1198900	1290800	1946300	707610	2044700	656900	1220400	848440	942610	991040	1357900	966960	847960	654980	443810	827550	1038500	1382300	899180
P0DP23;P0DP24;P0DP25	7095.1	7269	7965.5	6821.5	3761.3	5632.4	14616	8058	8252.6	7645.4	10623	48089	112450	152000	99232	57629	94980	42195	71414	60202	60802	58562
P0DPH7;P0DPH8;P68363;Q6PEY2;Q71U36;Q9BQE3	30796	27841	26732	38676	27610	25792	29413	33245	34033	27420	38800	57747	71816	73113	91829	60526	82043	57501	82402	88106	84876	54908
P10124	86303	83599	73415	80663	92367	60324	63816	67149	59311	57047	70819	146130	145460	232630	141630	192510	159900	142130	177460	97690	182200	180480
P10586	13216	20860	31770	18935	34241	20209	43162	22388	18111	17957	24665	35606	31046	37658	34239	37262	28504	55406	35099	38214	41122	40494
P10599	42386	66006	90561	66370	82044	38289	177920	67054	75668	41055	111150	86264	73579	122000	89151	50022	84195	53871	63611	85481	45332	57178
P10643	3056000	5798600	5058700	6108500	6060600	4015500	8151000	3666700	3436600	4859200	5287100	10951000	9446000	9160500	8061000	6600300	9704800	5213700	4044900	10280000	6609000	8023400
P10720	7845.8	11847	8967.3	15155	11713	9763.7	9857.8	13142	10083	13749	12429	25255	29350	47203	34470	39868	41420	49117	45082	38565	46743	27271
P10721	103860	101110	102670	124560	107160	94576	102450	96852	92337	106070	100800	45660	49914	54262	55364	33519	42526	69701	37012	34134	51838	45314
P10909	11035000	11122000	13714000	11904000	15270000	10449000	12350000	11232000	13013000	9891400	10744000	8082800	12503000	9493400	12726000	9390000	10716000	13064000	10218000	12013000	11404000	8440600
P11021	280030	298140	355970	306620	365340	226210	337440	265450	255830	250580	294280	258910	251580	255770	334770	239730	247170	334070	242900	418070	296910	220190
P11142;P54652	NA	NA	NA	NA	NA	NA	NA	NA	NA	NA	NA	14146	14304	17997	15952	17621	15889	16494	13832	15151	11845	12002
P11226	362870	768750	1015600	537430	1032700	760250	821190	252660	1062600	563260	631590	1392900	469110	370780	434850	376240	240610	381840	263140	438160	506830	622830
P11279	83265	100810	96614	85889	97802	82176	89529	86947	93582	79212	106170	203290	369240	238680	315010	254630	217740	274120	256370	232590	235290	221010
P11597	135800	309860	343590	244290	465450	303920	286400	255750	242180	227660	198120	520370	586400	672220	709000	642460	570890	897920	499340	705910	905440	478590
P11717	65267	62349	89930	59624	78365	56786	106690	65891	65931	58094	70951	42534	45324	47624	49200	52371	43817	44543	47013	50972	45821	49668
P12111	271860	327790	337660	249040	353830	230400	361120	294800	251950	280130	334140	280880	203470	240080	243300	271930	184400	286540	195350	283450	259560	240270
P12259	2113400	2988300	4141900	2705300	3724700	2525000	4397800	2144700	2448100	2702000	3e+06	4804200	5327800	4184100	4461300	5027300	3772600	5152400	5017500	3864100	3786000	4163600
P12821	NA	NA	NA	NA	NA	NA	NA	NA	NA	NA	NA	13342	15436	25715	17295	13259	20264	16840	16158	17803	21619	15383
P12830	149560	177580	311330	187580	372360	147920	318700	169830	135280	125410	187400	378440	302150	406770	280520	354630	244730	421010	265980	359950	299600	296960
P12955	426150	617340	386430	466270	372500	470580	347840	507490	490170	479460	442800	730260	1005800	661870	998120	821650	818430	731260	943130	842740	940900	849670
P13473	NA	NA	NA	NA	NA	NA	NA	NA	NA	NA	NA	96005	154040	112520	192020	155070	142080	152690	125260	107840	161030	94469
P13591	246290	371750	348870	302510	340000	320360	468450	246310	236100	265910	357370	636430	630440	511630	640300	466460	462150	635210	551270	672280	487740	504060
P13598	195260	283930	174700	235390	203280	183500	166420	157990	160110	219530	181070	182760	298760	273160	325510	242000	306690	255420	196280	201670	287660	246290
P13671	8004900	8391000	9705900	8083700	9338300	7218400	7804900	7042000	7563600	8051800	8364000	9811000	10013000	8482200	10622000	11422000	11526000	10664000	10752000	10014000	9559900	9063000
P13727	7129.8	6077.7	12406	7182.7	8411.5	7539.8	9888.8	7148.8	8467.7	7291.3	9403.6	63866	75620	74331	75957	64924	56379	91060	65618	68906	64414	63639
P13796	310230	322180	379440	309430	343580	301340	285080	291570	296480	335070	314020	469680	475660	432950	515370	414810	447060	344360	425400	429560	402590	396990
P13987	48967	62699	171680	57621	130170	53407	119040	57036	79300	73511	99502	141740	68296	73910	75234	74577	53702	89539	62948	91539	58232	97197
P14151	613690	942970	702840	830940	765150	721080	419850	733330	696230	759120	714610	705220	1042900	832980	1085400	956220	604010	806060	629510	656890	904010	695870
P14543	98963	116990	143210	102820	180170	97549	163120	109230	115040	104650	128380	68885	66450	89255	78364	67589	74677	83508	74864	75876	72858	70874
P14618	38521	47333	56596	52365	54458	41022	47719	49325	43633	35389	40513	52406	62486	53123	60010	37011	55868	33892	40158	49695	47744	35151
P14625	161680	190480	228080	152730	270270	138890	228240	140010	148420	166160	171210	179590	172210	169550	173140	159060	181440	185830	176980	195810	180880	158160
P14780	359280	278850	601220	173800	305680	126320	160050	198610	319140	154910	309900	201320	275110	283480	217190	179830	337340	203640	272860	172790	292910	203650
P14923	NA	NA	NA	NA	NA	NA	NA	NA	NA	NA	NA	25714	20883	17185	30876	28622	24075	14381	17498	20207	30079	23942
P15144	115310	124860	122520	128460	134620	132470	160730	137530	154540	106790	141830	200950	347320	241180	305170	275580	212850	274140	238990	256840	251670	255830
P15151	NA	NA	NA	NA	NA	NA	NA	NA	NA	NA	NA	NA	NA	NA	NA	NA	NA	NA	NA	NA	NA	NA
P15169	1015700	912500	1327000	769120	1254600	847770	1244600	586480	829060	1126000	963410	1285100	1476200	1486400	1480200	1643900	1265400	1915600	1446500	1353900	1519700	1311300
P15924	32739	51646	48814	32083	54732	37708	63820	45689	43944	43065	62170	163780	96364	97820	113510	154730	118450	103270	91275	92149	105690	75882
P16035	12499	19885	23350	15900	24488	12792	40649	17164	8576.1	15326	16320	118850	118350	113520	107860	84989	85659	155490	91992	130760	111870	108600
P16070	230630	252040	484740	278090	429990	217840	421180	188540	215010	238900	293760	531010	474440	586190	509830	602440	421120	643530	364480	539070	424670	619070
P16109	NA	NA	NA	NA	NA	NA	NA	NA	NA	NA	NA	NA	NA	NA	NA	NA	NA	NA	NA	NA	NA	NA
P16930	NA	NA	NA	NA	NA	NA	NA	NA	NA	NA	NA	NA	NA	NA	NA	NA	NA	NA	NA	NA	NA	NA
P17813	27810	40897	41907	40046	38763	36023	44020	36298	30836	36076	37906	76842	42564	74792	55210	62513	47574	49050	45643	57346	61056	62620
P17936	670120	946670	552090	1107200	705540	838650	587740	831780	906500	1013200	947160	1036900	1384900	1209800	1176000	1046000	1761800	1004200	1090500	830960	1380300	1019900
P18065	176630	243240	748610	276080	396460	185650	838080	179180	132870	180860	461220	965040	401130	504030	388080	468520	372250	1240000	369350	657870	391260	675690
P18206	16294	23699	25149	21676	28625	24862	30357	22672	25833	25601	22467	134050	236550	195810	202110	143000	229710	151430	183060	180730	177990	145970
P18428	180250	149140	193180	127810	158440	147310	133810	148850	239630	153040	146560	275710	309100	244090	333630	244330	380080	281820	389410	387060	315770	260280
P19022	NA	NA	NA	NA	NA	NA	NA	NA	NA	NA	NA	10499	8708.4	16307	12439	10009	9151.8	8781.8	7962.8	14405	11665	9936.1
P19320	231430	305950	431910	298480	437990	263590	599440	265670	266730	250980	374360	646800	487120	495180	513110	567490	443220	646170	359810	616640	539200	533040
P19652	1427100	1170500	1016600	1218800	851440	1301900	1062600	1100500	1179100	1350000	1197700	1594000	1677200	1423700	2043400	1549000	1738500	832140	1729000	1407100	1635800	1453000
P19823	31357000	32962000	51918000	30356000	46470000	29750000	37529000	27589000	30583000	31955000	35944000	56738000	60242000	65601000	64853000	72423000	52550000	101290000	56821000	53693000	66599000	57845000
P19827	13792000	13802000	20607000	12116000	16412000	13034000	13972000	12269000	14826000	14105000	13732000	12919000	14393000	14937000	15211000	15868000	12710000	20957000	12997000	13679000	14219000	12301000
P20742	3494400	1478700	2405400	1305600	1688100	1368400	3262900	9630100	11284000	3091800	2466300	1143800	1049800	1911400	1089200	5891200	4396200	4371800	1308900	1052700	4771900	2844200
P20851	2832800	2638800	5898500	2292900	4315500	2421300	4404400	1831200	2643400	2809100	3074600	3675900	4428700	3993000	4695400	5046000	4147100	5792300	4256000	4312900	3577200	3834800
P21333	346480	346400	293680	552110	277480	205470	1067300	304750	279020	243190	525220	287220	762410	1342900	807830	249340	821090	280720	502750	360300	450180	463800
P22105	479910	655320	601280	649660	577340	634930	581000	614850	522200	654880	544450	584440	711730	671250	791880	582470	659140	629440	602210	659790	773830	658860
P22352	1029900	1434900	1215000	1062000	1307200	1183300	981940	927090	877910	1121200	1187200	684360	998430	829920	895030	939380	859830	829720	754430	597280	1078000	798510
P22692	100830	101810	147430	97542	147950	90910	163800	88588	103520	95966	131720	103670	96966	84823	87763	79741	95594	96238	90130	116510	102190	85109
P22792	3226200	3364700	4435300	2742100	4150800	3014900	4402000	2103800	2635900	3485100	3090100	3650600	4597200	4523100	4671200	4648000	3749300	5998900	4559200	4277100	4708200	3740000
P22891	387110	282990	334000	296180	375680	424420	399580	433410	328310	301490	351160	299140	431050	360060	605190	458900	449590	442660	432310	480980	484650	345230
P22897	62659	73812	128130	72096	105680	59947	177170	73276	65342	63082	78702	73408	74716	61659	82516	80934	69529	89074	64130	97718	62075	75931
P23284	NA	NA	NA	NA	NA	NA	NA	NA	NA	NA	NA	34407	42948	64425	45853	28411	51731	36336	41018	38758	44465	36312
P23470	86001	100500	132330	91341	141780	79317	194250	71763	65241	78890	103670	15483	9874.7	13406	10401	9327.5	12425	16058	9967.4	9683.1	9752.7	5466.9
P23528;Q9Y281	34913	25643	34509	58751	27737	12208	61056	37153	28470	13870	40441	34766	89576	136830	72007	43986	64689	35013	60976	79772	58451	70963
P24592	104360	137260	157610	125390	212450	100190	183020	114140	113000	116270	234040	285750	164440	261140	180450	279860	179690	196120	185800	235010	184020	219440
P24593	NA	NA	NA	NA	NA	NA	NA	NA	NA	NA	NA	72581	62091	64443	77822	52155	63972	61138	70906	57373	78629	54000
P24821	60593	60109	79621	52199	80854	53825	77231	49441	50962	55743	64205	95579	101220	79405	119500	114280	98730	104980	79328	80588	97702	83301
P25311	11437000	12432000	13284000	13284000	11681000	10738000	12316000	9710800	11881000	9970200	15364000	28563000	20784000	24108000	20211000	21572000	18213000	12913000	18420000	19755000	16459000	18873000
P26927	835900	798450	941280	1193100	909200	1049600	806600	1029900	689260	886470	1027200	1804000	1390300	1646400	1532600	1360100	1317500	1415800	1504900	1322300	1090700	1428800
P27169	5334200	7333400	6775900	5456900	5744200	5945700	6487300	5938500	5490200	4767400	5542700	1927400	4184900	3082500	4395600	3127200	2764300	4073400	2245300	2962900	4035300	2801200
P27487	40353	49250	44624	56211	46812	44416	53040	42785	29660	39851	36872	50031	67622	62895	92130	60720	64618	59137	65748	54498	69752	65182
P27797	96311	101860	228720	118380	245130	91036	294400	87008	92573	96423	166760	220240	167380	221890	148050	193910	172650	201520	123520	172380	140590	194990
P27918	556920	636850	859840	584300	834280	582930	646210	471800	555270	566650	782040	638830	846170	765570	927090	811070	721120	917070	603380	812990	771950	815080
P29279	25780	26390	27832	23777	54221	18756	43467	16330	26694	26346	44290	20042	16065	28774	13388	16099	33180	36072	13633	21383	17261	25636
P29508;P48594	NA	NA	NA	NA	NA	NA	NA	NA	NA	NA	NA	18059	17683	24192	24637	19358	22337	18125	22232	27367	24047	16513
P29622	2323300	2654300	1859000	2659200	2435100	2255000	1887400	2013000	2597000	2159500	2216500	3388100	4128700	3515700	4232200	3027800	2945300	2435900	2910200	3713000	3913000	2948600
P30043	23763	22078	16891	26218	17742	17985	22298	18725	38717	19584	16185	NA	NA	NA	NA	NA	NA	NA	NA	NA	NA	NA
P30101	NA	NA	NA	NA	NA	NA	NA	NA	NA	NA	NA	43883	47831	52084	62768	36517	60614	53566	49980	43905	57183	47031
P31146	NA	NA	NA	NA	NA	NA	NA	NA	NA	NA	NA	NA	NA	NA	NA	NA	NA	NA	NA	NA	NA	NA
P31151;Q86SG5	39901	38160	51575	39283	48530	38232	37786	40126	47629	49704	59645	151870	142540	178270	152290	122220	235210	119670	149590	175270	140010	117460
P31944	NA	NA	NA	NA	NA	NA	NA	NA	NA	NA	NA	68925	57231	61626	77739	63931	84781	74466	61107	83723	65216	52733
P32119	298360	480140	470900	523040	448800	440190	680690	465890	1129800	299770	474410	753310	1295200	1179200	1117000	715890	895920	619570	857820	893320	627370	990330
P33151	346680	373270	375100	383850	438970	404240	408670	336130	390520	357640	367420	611120	663810	820580	786420	635260	619370	976410	564710	771320	725000	634580
P33908	415140	437940	538880	379760	556850	393910	422770	391780	463110	441400	464180	615490	759390	595600	692180	649990	724280	672460	737880	688760	704620	606020
P34096	6546.3	13679	13145	12980	14595	10246	13166	13471	6943.4	8916.9	12472	2670.4	NA	NA	NA	2629.4	NA	NA	NA	NA	NA	2665.7
P35443	77327	74306	98713	60029	98678	57509	86683	59333	54107	67621	76529	227320	240450	262700	291480	194600	171120	220410	224200	310770	230050	189400
P35542	2806400	1927000	5219800	2008500	3302800	2451200	4502500	2458200	2885600	3485900	3777000	3804400	4999700	3504900	5551800	5716000	3736800	4023200	3844100	4221400	3975100	3852500
P35555	57479	63495	114540	54639	109460	61710	102600	63039	48223	67611	83514	113330	97549	110830	87793	98124	91467	113840	71262	121290	109150	90647
P35579;P35749	NA	3165.5	3904.8	5567.9	3029.2	2499.4	7542.2	5105.7	3869.4	2922.1	3972.8	NA	NA	NA	NA	NA	NA	NA	NA	NA	NA	NA
P35858	1943600	2334300	1440500	2462700	1531500	2061500	1270500	2036000	2863100	2384500	1895100	2529400	3276400	2730900	3148000	2297300	2563500	2319000	2933700	1944600	3375300	2306100
P36955	5167300	4364700	4266900	4476000	5553500	3566300	3806300	3603800	5833100	3429300	4628200	8729500	6737000	7502400	7587700	7897200	6132300	5240000	5999600	8816600	6708100	5971100
P36980	1675100	1434700	1188700	1134400	1800800	1162200	1001300	954500	1705400	1330300	1416600	1455200	341330	1267200	1140600	1355900	915400	915720	1196800	976890	1118700	1044700
P37802	NA	NA	NA	NA	NA	NA	NA	NA	NA	NA	NA	125290	453700	649530	445350	147100	410640	142470	253220	171530	198490	250890
P37840;Q16143	NA	NA	NA	NA	NA	NA	NA	NA	NA	NA	NA	NA	NA	NA	NA	NA	NA	NA	NA	NA	NA	NA
P39060	21951	37483	44722	30918	95731	29887	60223	29162	48148	28695	27461	171960	163950	143150	164820	139040	133000	216940	145280	179100	149200	152440
P40189	84843	107480	118070	95356	134320	84649	130890	86258	103430	98150	103390	NA	NA	NA	NA	NA	NA	NA	NA	NA	NA	NA
P40197	460690	527990	442470	456980	506880	335700	432970	527310	446550	430720	407310	106840	184080	204570	230380	137860	190180	196480	182260	146270	198740	130550
P41222	205160	218640	440810	199410	442080	162370	582560	187100	200500	205070	358860	940150	292650	504650	339950	400650	284310	435550	437740	597290	392160	479350
P41271	55225	49702	165170	62165	173020	37554	226920	49811	57059	51467	108140	180860	76493	167750	78806	119560	81195	166900	73958	143840	83444	119340
P43121	231510	323050	435620	343720	412930	283240	588580	274390	216960	258730	343590	230600	296920	327560	328360	300450	231460	361910	217910	349080	261870	233140
P43251	577140	723700	527820	901310	675600	698840	529340	705890	886850	636200	809160	850800	1228200	1044800	1508600	1081500	1128400	977420	1270600	1013700	1172100	1048800
P43652	11764000	13947000	11808000	10988000	22823000	10548000	9593500	13699000	14018000	15346000	13465000	8729800	12467000	9144100	16336000	10800000	9668000	8999400	9899800	11029000	10813000	9196600
P48740	2077800	2566200	2777000	2210000	2787300	2315900	2596800	2042200	2066700	1961500	2096000	2826400	2634900	2416600	2301600	1821700	2073600	2718000	2166800	2309700	2378900	2363600
P49747	443610	598540	582470	465930	756510	434310	582660	490670	247520	470910	508880	374140	507970	522460	633700	305830	454220	368960	522120	587800	423490	412550
P49908	1138600	1141400	1546600	1153500	1421600	1257200	1089000	1089600	1228300	1143300	1208800	976560	1158800	1055000	1069100	1006000	1045200	1380200	1195100	948230	1226200	953440
P49913	5496.7	11545	28954	12212	22552	11962	8121.2	12300	19611	15215	21362	28125	42208	22468	54129	32809	24099	48465	31699	31743	27937	27480
P51884	2685100	3113700	4034300	3037700	3445300	2562200	3317700	2251200	1930200	2604800	3175500	4458400	3970100	3565000	4304900	2643700	2859000	4741000	2575900	4866400	3572400	3620200
P52566	9605.2	7537.7	12908	9062	16156	3795.9	12931	10717	8399.5	8076.4	10415	41474	90850	104340	72320	30088	69239	35533	55400	37839	41572	44677
P54108	453950	660660	488140	537340	565150	469180	371520	418200	458630	585510	422210	1133900	1377100	1183300	1295500	1165600	1006500	1175500	1118100	762050	1069400	1129700
P54289	NA	NA	NA	NA	NA	NA	NA	NA	NA	NA	NA	21255	28321	25831	29528	26341	31247	29904	22847	28041	31420	18639
P55056	765450	517130	840070	440950	612310	399210	1013200	413400	816640	598050	800330	432920	549420	409580	987280	540710	623730	636750	897870	856670	1154400	586270
P55058	110270	185390	151070	140670	159140	146370	275920	110010	102600	117880	182320	89171	140480	116530	138530	96069	112810	141550	79444	113030	111740	84093
P55103	58941	48445	62816	55399	101820	37356	74524	45192	60512	56288	55701	20952	24750	23747	30768	33647	18802	22217	29202	27579	36090	25596
P55290	79577	120920	86898	122940	95991	103460	104590	87566	70602	96168	103690	122740	190860	139190	171920	103020	124550	117390	127200	112540	133780	107850
P59665;P59666	55592	57444	95100	52802	76665	49958	49174	58291	57464	48571	58908	100290	108240	70266	101050	64316	77771	86214	83965	103350	86179	76228
P60174	11231	18455	28084	19128	16300	19467	32643	22368	33260	13190	26525	43160	66474	73147	62772	45174	57212	47204	45570	41824	49051	56808
P60709;P63261	1276100	1355700	1637200	1838800	1344000	878010	2546000	1627400	1161900	957810	1552800	1370500	2029300	2725300	2251900	1196900	2539300	1148600	1926800	1301600	1884200	1857300
P61626	528520	643970	1085700	755900	907820	465190	653400	578930	580960	584430	1064300	1758700	877180	895920	913630	875370	853600	937380	970040	1289200	828040	1088500
P61769	391750	332260	785230	491700	708100	327630	954120	322190	326230	426870	754490	2217100	668830	1126300	874500	942860	781830	811990	704620	1166400	702690	1176600
P62081	NA	NA	NA	NA	NA	NA	NA	NA	NA	NA	NA	255210	287950	277300	338610	312580	279130	306090	272060	338640	276730	135380
P62328	307230	249670	476320	444800	299950	165290	1355700	309510	283520	174890	517540	409620	826310	2112700	738900	239490	661370	263850	462830	271070	329980	648650
P62750	NA	NA	NA	NA	NA	NA	NA	NA	NA	NA	NA	76178	86971	77821	89237	103730	75664	104310	91103	86823	92120	39363
P62805	17616	20655	29110	18830	19194	22998	21710	23754	25022	13968	22178	395950	378530	366370	487050	445320	379020	458450	380450	480750	377150	223890
P62899	NA	NA	NA	NA	NA	NA	NA	NA	NA	NA	NA	38896	42327	48103	61109	44482	35265	45337	50094	36119	42822	15520
P62937	23978	47509	24487	38370	32621	56659	33238	45021	32783	36244	23157	68320	142240	157540	125960	78234	116540	88340	114240	84340	112420	70053
P63104	64784	64350	76821	92845	70819	52294	123770	79672	69066	53030	93166	99387	164330	165410	150000	104250	153150	77667	125200	142200	121370	119380
P67936	116980	100580	86031	99115	86487	92638	125720	85645	86724	99605	129520	142730	423520	598820	292190	119400	309560	125210	222080	168890	172720	205010
P62736;P63267;P68032;P68133	23826	28146	143490	32394	24455	19808	48860	27195	15644	15788	31183	NA	NA	NA	NA	NA	NA	NA	NA	NA	NA	NA
P68104;Q5VTE0	NA	NA	NA	NA	NA	NA	NA	NA	NA	NA	NA	265110	282520	325480	342750	271300	254330	306930	284170	332640	262050	125230
P68366	NA	NA	NA	NA	NA	NA	NA	NA	NA	NA	NA	NA	NA	NA	NA	NA	NA	NA	NA	NA	NA	NA
P68431;P84243;Q16695;Q5TEC6;Q6NXT2;Q71DI3	NA	NA	NA	NA	NA	NA	NA	NA	NA	NA	NA	486520	549140	523320	653710	554290	470540	572980	544400	527630	452920	212330
P02042;P68871	794980	1040400	921260	1097600	1285900	1057200	1445100	1182900	1954000	717170	977630	887640	1142900	2580300	1106900	760250	1055000	774560	1028800	977050	927570	1309500
P80108	2292200	1954100	2382900	2500800	3072100	2094300	2818300	1901800	2870200	1836300	2272900	2552200	3800200	3127100	3201400	2817400	2900000	3756500	2569800	2724800	3055600	2650100
P80188	103400	89504	178320	80676	152770	81231	79027	87487	89334	69567	123850	227770	95402	126530	87333	117400	87509	127050	110920	92101	101160	124060
P80723	29219	42173	49774	32600	58446	36756	42270	34897	34305	27729	42692	39267	34640	48337	39027	40374	29732	42063	36258	37189	30956	37498
P81605	95823	130660	128840	92464	138190	118640	110090	125060	105360	105530	164630	159690	148810	146410	152840	133950	137140	111870	130270	191390	134340	114900
P82094	13310	19692	17760	15449	19915	19611	20428	17498	23869	22048	14184	75685	91758	82473	105500	84244	125760	102580	118650	97043	120030	54890
P98160	230090	313420	334740	323370	380570	280260	552920	279690	253450	342330	329300	314820	174450	257140	240390	191020	182470	256850	197690	213450	164410	239000
Q01459	216470	212990	171770	275920	241240	195090	160230	222700	244950	221210	203700	219890	261060	246370	278370	225420	233790	176500	241390	227990	271600	218840
Q02413	73134	107260	118750	74498	124220	80951	106560	78907	129630	105750	108690	133370	116660	107030	124950	137370	133340	98454	122850	140830	140220	126300
Q02487	12918	19312	24079	6093.5	31121	7452.8	28926	9119.6	7147.8	11690	20089	49435	34881	56881	35752	51228	32600	55963	30068	49516	36034	43959
Q02985	278900	163570	874940	297230	466520	152800	294890	260780	264500	318640	380280	705460	352840	445340	482480	393200	507450	448550	663410	441250	349360	473420
Q03591	1707800	887280	2391700	2079600	2654400	1994100	1730100	2107600	1799900	2160500	2285800	6294100	2973500	3259000	5014300	3966900	4608400	1265600	5178400	5563000	4895900	4283800
Q04721	28607	46568	52593	38991	60749	35619	61940	32209	27271	33876	42361	6622.5	9184.4	9337.4	9000.8	8581.2	5356.4	10726	8638.7	9052	4701.8	9606.5
Q04756	1426000	1702200	2288400	1410000	2076500	1350600	2545200	835760	1295000	1662000	1622800	1496300	1246100	1377600	1347400	1774400	1210300	1677800	1469700	1085200	1383000	1380100
Q06033	4274100	4029800	6337600	3097600	5973900	2938300	7600900	2947900	2325000	3906500	4299100	7803000	5595100	4568700	4489100	8566900	7458400	10509000	6910600	6186000	5562200	6835900
Q06830;Q13162	NA	NA	NA	NA	NA	NA	NA	NA	NA	NA	NA	27775	26996	24550	22845	26461	23015	24611	21752	26840	24300	18980
Q07954	131080	194810	197420	156890	171270	124500	314550	141050	131820	136500	165250	29374	26914	31527	37215	28747	28506	40213	25965	36404	25088	26560
Q08380	3399100	2349000	3283300	1788900	4782100	3314600	4701400	2727700	4876400	2387800	2816100	1628800	1469800	1592400	2363400	2979500	1866900	3439000	1975300	3584000	2458300	2066100
Q08554	NA	NA	NA	NA	NA	NA	NA	NA	NA	NA	NA	24879	23716	28806	24506	32030	25951	18370	21800	35371	22314	21528
Q10588	55271	85068	58615	88499	61414	77170	52240	84304	67728	73128	65282	54206	78463	53036	70000	68307	73470	61468	56086	74626	40605	60544
Q12805	594050	668350	1121100	560160	1205800	467880	1353400	1082300	443990	709370	767630	1316800	718180	983180	882970	967410	765450	1414900	898530	1305400	1045700	1002500
Q12841	9222.6	9959.6	12592	9878.4	16420	11799	14310	12787	8343.1	6854.6	12493	80775	65153	62650	71652	72730	64589	93705	52817	65829	66236	67650
Q12860	81925	126780	92998	89337	92138	81504	125700	84700	60949	99074	89748	134510	173210	147650	183980	138070	161230	154880	143980	156140	157110	155510
Q12913	129090	120400	125100	108960	131990	112400	140720	126450	124180	112080	112470	71797	83224	83269	91925	78855	73492	114200	78033	70396	88130	72279
Q13023	NA	NA	NA	NA	NA	NA	NA	NA	NA	NA	NA	75336	74236	85718	78653	77595	63495	73161	88007	85942	68771	101450
Q13093	146880	256150	571230	169150	410560	206250	142610	182510	195010	233660	241810	493900	352400	343980	423530	417830	210100	437450	257360	360160	317520	347370
Q13103	529010	459780	658720	326100	582240	364020	1201100	304820	223880	511090	380590	268950	264780	232890	293040	433790	235830	573630	330860	313410	288050	268980
Q13201	251710	278410	277770	254770	363410	208780	346050	315670	201680	291420	282180	215570	172980	300030	169230	253550	157980	225450	191280	150930	209640	220380
Q13508	NA	NA	NA	NA	NA	NA	NA	NA	NA	NA	NA	18419	12053	16438	7749.1	14670	13130	14432	11490	14776	14399	14884
Q13740	40328	41599	52999	44155	49693	35027	66430	38458	33231	43126	46195	68245	79490	82375	76783	86858	77159	95549	68776	76269	72782	77827
Q13790	184760	240400	456390	168640	257930	207110	305380	148040	148370	215940	224660	492250	394910	393750	399950	373310	354780	748730	300450	372710	371590	456130
Q13822	18623	24437	35162	31008	28662	19234	24732	23883	18103	26939	22370	49934	35820	37563	42133	42383	39275	69946	35169	34019	54517	39663
Q13867	16316	17735	21926	23371	23464	13674	27123	17863	16092	12037	16021	37191	31200	26710	40628	31115	36712	27656	28102	33707	29428	31535
Q14118	62966	55699	108780	56997	162640	46282	126710	58916	62589	47149	86698	146470	72817	123180	64655	85968	58456	132680	56182	114800	65230	79223
Q14126	21437	28934	29676	29896	20224	29894	37315	29883	27772	27499	23165	14211	40228	24908	19720	23281	18208	33315	23715	29090	15924	22882
Q14515	95811	116820	173770	131690	166940	104430	229010	98880	89528	113750	155240	211160	154510	159560	119190	127060	131280	209720	115990	133860	113580	167240
Q14520	2236600	2229700	2472200	2086800	2536700	2166600	1793200	2359300	2767900	2067500	2206500	2837800	3316700	2608600	2989500	2852700	3161200	2933300	3296500	2704500	3855000	2710500
Q14624	26534000	20582000	29626000	18234000	23819000	18185000	29573000	20366000	22091000	22829000	21066000	29556000	25115000	25950000	27305000	31304000	27629000	40918000	26839000	27842000	24941000	26859000
Q14766	NA	NA	NA	NA	NA	NA	NA	NA	NA	NA	NA	104170	115810	174770	143480	117150	139920	134870	125950	122260	130560	123420
Q15113	268110	246040	313140	221050	289900	201620	305300	210820	216550	197970	305160	192090	151820	190310	128070	167010	137070	243460	141290	257910	137730	159550
Q15166	185550	315190	296760	268010	226740	349720	373110	179160	268570	285250	263900	237700	281620	276220	287220	242970	235550	349440	178140	225430	195830	223120
Q15485	887980	580790	1278900	890360	910520	681290	650900	629590	797820	1001300	818530	756580	765290	1030000	1263300	1342800	1063700	1239800	817210	793710	689140	879680
Q15582	261430	320570	327420	358050	338010	279770	341640	390480	452590	290560	315650	464050	466340	496010	529750	392910	373220	468890	461090	519110	756330	459170
Q15828	NA	NA	NA	NA	NA	NA	NA	NA	NA	NA	NA	95997	33581	45224	43361	40668	30770	48952	39680	58043	49995	53265
Q15848	205730	295110	537780	250310	315680	166220	1616900	278450	183790	241080	481220	669890	397930	520630	360990	377520	379820	1378100	363210	376130	596900	658740
Q16270	17849	22909	32010	23138	35181	14191	31208	21980	18211	21758	25953	49529	31392	48955	37484	45272	33318	44037	36786	48321	25744	40787
Q16610	1012400	1770000	688910	2039400	990680	1648200	782760	1008300	1482200	1765800	1169700	1743400	1354900	1437800	1439800	914030	943600	880420	1309600	1239200	1059500	1157500
Q16706	19103	25958	29452	24021	29053	26051	26817	30565	36812	26422	30077	24678	31798	31161	34596	28620	26238	33158	30551	39258	33652	23588
Q4G0X9	18921	15067	69230	21632	42772	17064	34655	18119	20939	22769	28345	21720	27917	26425	43514	28958	38039	59882	38251	80692	34970	34280
Q4LDE5	NA	NA	NA	NA	NA	NA	NA	NA	NA	NA	NA	NA	NA	NA	NA	NA	NA	NA	NA	NA	NA	NA
Q5T749	14980	16081	16968	16648	13891	15881	17346	13681	16815	23842	17262	57233	68561	57754	71146	77460	76306	80025	68930	67815	61748	54148
Q6EMK4	289270	272390	388860	245200	374130	244030	431060	228770	247230	251410	282700	321980	285400	371520	335990	370320	294400	351980	246210	304260	295050	310870
Q6UWP8	2100.9	3239.4	5114.3	NA	3148.3	NA	2065.6	1898.2	NA	2248.8	2319.3	11126	13332	9205.8	13122	11958	9294.6	15378	13575	10059	11699	8777
Q6UX71	288840	325010	290190	263990	298000	255140	357760	240260	210250	300120	263850	301300	321320	386830	368310	326600	308810	292210	334910	340160	362160	345930
Q6UXB8	682850	819490	738290	470100	1098600	385920	619460	432100	355420	506240	646290	522990	370060	619730	389620	326840	423910	454830	297370	520980	367950	446810
Q6UY14	58824	87196	58809	72341	71458	75522	106420	65778	40963	58848	68481	NA	3062.9	4037.6	1745.3	NA	NA	4507.8	NA	NA	NA	NA
Q6YHK3	96005	152080	92676	139530	118730	111420	151930	101210	104310	113170	115280	88817	99016	102380	121480	81574	87313	120390	92488	105020	107160	93219
Q76LX8	62761	70496	61558	75167	85133	85225	63373	77768	74417	77299	71939	61539	73884	64364	74991	50277	63842	80253	73854	73627	67542	59963
Q7Z7G0	118220	201110	162770	169640	149450	181110	226510	151140	119530	162070	178290	123130	131760	173390	147900	92005	108460	109150	109270	116830	117130	108570
Q7Z7M0	37399	35354	43324	39545	59660	30907	63862	38070	52358	45338	45316	45105	55071	54719	55733	52846	52723	68067	63250	66554	65503	58118
Q86SQ4	28467	37775	52258	44460	47389	41100	56958	38286	40357	39251	37238	20577	25439	24902	27919	34834	28798	30147	30150	30882	27183	27593
Q86U17	17694	21458	26453	30484	30555	17312	25535	28729	22750	29536	22386	58633	71412	62648	56616	60706	56688	65237	55036	81914	53126	47391
Q86UD1	89570	91003	113680	93466	134000	74215	218930	83807	101700	92343	96519	133670	123240	131930	139690	142820	112640	159470	128670	187440	145700	107600
Q86VB7	95613	131450	173640	112740	170120	101340	179700	131680	113940	113460	156180	169850	230990	222440	320040	342510	221470	241540	180310	368440	241880	274270
Q86YW5	19837	25861	27109	30889	30215	22482	26237	32433	27989	31663	34018	38908	71433	73634	62154	40152	55951	37821	61066	42899	58632	48817
Q8IZF2	13460	13692	17105	13492	21769	14480	12562	13607	10881	12111	10470	10956	29115	19574	16047	15706	17438	18357	16305	37579	15978	10996
Q8N6C8	56636	56849	43851	71244	50474	47205	133040	68947	47079	56247	83564	97731	75453	92379	50060	119490	89497	71321	79349	83303	72222	90305
Q8NBJ4	16584	17143	28928	17476	30778	17850	30042	12375	16346	13025	16015	22567	12723	8995	11339	13900	8205	14957	10641	11469	9356.7	14331
Q8NBP7	7039.2	11583	12124	9273.2	10634	10456	19434	7765.6	10137	11645	12662	51326	59544	58407	60331	70945	52392	62757	58444	51926	53880	56330
Q8TDJ6	24471	39516	39431	30187	38421	51899	40878	45272	46812	36754	32413	NA	NA	NA	NA	NA	NA	NA	NA	NA	NA	NA
Q8WWZ8	9991.5	12352	15855	9413.6	11246	6632.9	13855	9425	11869	8560.6	11432	8652.8	7539.3	5166.3	8078.9	9509.9	9723	5799.7	7866.4	10579	2644.6	5546.6
Q8WZ42	46219	33428	54098	39661	50474	39501	44245	37623	57118	32691	34803	253640	233400	219380	269000	249100	258990	235130	271260	264290	280550	369980
Q92496	276370	202730	1041200	222350	190020	111360	273980	217120	297150	430620	275980	372220	377450	431230	236930	287340	388800	663520	393640	188860	319750	314540
Q92520	36714	28338	60788	32957	47260	18323	73537	23202	25518	25751	39982	16595	22711	21801	23874	18703	16004	13751	16767	18181	16443	17013
Q92820	120450	126280	151320	130020	156580	124640	116270	109160	112430	121520	127120	244800	151120	124670	172080	198230	185650	147290	143610	224220	141800	168110
Q92859	21628	24302	13418	14932	17971	17321	22330	12815	12781	14959	19662	NA	NA	NA	NA	NA	NA	NA	NA	NA	NA	NA
Q92954	1719500	1421600	3576700	1323100	3881900	1360100	2490900	1435900	2470500	1916400	2069600	1909800	3634600	2530500	4075800	4706100	3230100	3915200	3063200	3765700	3268600	2814600
Q93074	130780	173480	143870	145310	126700	119010	127230	132930	96332	163720	137500	48419	31794	61040	43768	36275	36639	48390	30679	51768	37448	34167
Q96IY4	1842000	2093300	1735800	1983300	1696400	1785500	1833800	1878000	2270600	1719400	2141100	2381200	3450400	2608800	3736800	2954800	2904600	2311700	3179700	2813800	2659200	2338400
Q96KN2	1382100	1350200	1569200	1156700	1918000	1392200	1649200	1915800	1851000	1969900	1567500	1349900	2654700	1936700	1948400	2850400	2200900	1705100	2654600	1426000	1993300	1753000
Q96PD5	1934500	3417300	2502000	2642600	2817900	2496100	2094300	2049800	2442700	2702500	2549100	2631700	3246800	2627500	2908600	2627100	2139300	2573000	2995900	2985200	3008200	2354900
Q96S96	73459	71975	127920	110800	242430	63833	153210	153060	109920	112620	136790	871430	229340	338130	262210	251580	220210	301040	410340	402030	397580	276960
Q99784	360610	408930	276980	454050	399680	313050	336370	403010	338780	377230	356560	459840	399620	457970	488200	226120	356670	562580	287200	344880	307360	418840
Q99969	16007	21344	32644	27515	48724	18989	32390	18492	23524	22847	22711	71527	63614	57667	70246	54400	62315	70815	65650	68287	62118	57759
Q9BWP8	37590	53138	50855	63388	56182	40556	42197	48280	47174	40757	54481	81543	115730	79579	78513	72587	59265	72401	82852	78890	85864	83845
Q9BXR6	562270	501080	595500	498110	482570	444140	371880	415740	645310	463150	514730	1309000	1425600	1078800	1310700	1485200	1235200	1811300	1270800	1218500	1288400	1264300
Q9H6X2	19692	16248	23843	20536	21525	18088	37542	14984	11163	20602	21185	55681	100910	65735	91768	50318	99633	114140	79961	109240	115170	43114
Q9H8L6	103860	154770	104770	155510	130300	130720	117320	134000	113820	123690	122160	107000	130590	146200	150860	130080	139070	126200	106990	117750	149910	112790
Q9HBB8	NA	NA	NA	NA	NA	NA	NA	NA	NA	NA	NA	11232	23462	26025	17207	16846	18478	19414	21563	18892	17803	15261
Q9HBR0	2960.7	2538.4	6259.4	1401.7	6029.9	2967.4	4121.1	3064.7	2238.8	2450.7	4430.5	4856.1	NA	6112.9	NA	4148.8	3525.2	NA	NA	5342.2	NA	2345
Q9HCN6	NA	NA	NA	NA	NA	NA	NA	NA	NA	NA	NA	27277	58327	82663	59436	20873	44791	25517	38882	24943	31062	32420
Q9HDC9	88051	95762	205010	89114	163050	107160	337360	109400	103610	93654	135700	167160	226610	113360	128100	234180	192760	331910	162850	285970	229930	200060
Q9NPH3	27190	50694	36505	44652	28986	38008	40549	35698	24317	33571	40873	118860	101670	108030	91674	78822	88562	81054	73914	102070	94607	98664
Q9NPY3	55215	65874	122670	65831	109520	43039	97787	43935	49156	51020	76902	165890	88499	158560	88581	131680	77356	185900	64620	138980	98153	111260
Q9NQ79	373720	552760	368540	446980	350550	487910	371050	354400	252600	499160	384390	505250	665000	927760	765360	558630	1183200	544350	1093700	739190	601480	623600
Q9NS87	160280	366190	452420	130760	272260	183870	157360	173790	282000	270280	297550	165350	314680	120910	159130	138380	152590	308190	162740	166810	212490	157910
Q9NY97	NA	NA	NA	NA	NA	NA	NA	NA	NA	NA	NA	NA	NA	NA	NA	NA	NA	NA	NA	NA	NA	NA
Q9NZK5	4536.9	4240.9	2354.2	5477.4	6491.3	4972.2	5077.3	4325.4	5173.4	4903.8	7890.9	18502	29647	24486	27928	26159	24639	22126	24618	29142	28393	16171
Q9NZP8	1435500	1802400	1432300	1575600	1704700	1413200	1493300	1618900	2027500	1811300	1483300	1347100	1539400	1690400	1666800	1740700	1474700	1533200	1394000	1036800	1511300	1476700
Q9NZT1	60690	67955	93125	63733	98677	73940	68883	89100	79830	97121	67095	97969	78496	93384	83694	75445	101750	74320	142450	108680	133790	60483
Q9P219	NA	NA	NA	NA	NA	NA	NA	NA	NA	NA	NA	130290	200550	147790	241960	190370	192050	276800	152270	176660	274510	114680
Q9P232	NA	NA	NA	NA	NA	NA	NA	NA	NA	NA	NA	NA	NA	NA	NA	NA	NA	NA	NA	NA	NA	NA
Q9UGM5	1302600	1079400	946440	1216300	741450	899220	511750	1504600	1691900	683330	835640	697970	1385400	993310	1295900	1056800	1245200	923480	1050900	1193700	1587400	1010700
Q9UHG3	541870	515280	801920	419910	620360	479290	490160	575760	768330	530160	554600	640740	792160	618920	668480	723330	561480	827850	746000	832350	633060	604760
Q9UJJ9	59985	88153	65094	60748	74617	60696	58003	59406	62148	44563	66485	49845	50226	42175	52653	58574	53858	66637	49997	63146	59211	47430
Q9UK55	498110	356690	550840	379920	587200	417950	403540	461740	482610	537070	432160	619280	818220	703330	976720	643290	712100	847600	803270	760970	929040	655860
Q9ULI3	145710	146920	277620	149610	291350	117130	308540	107580	83359	145320	197990	441500	350870	547560	378490	595620	369970	658860	335020	454860	340050	437270
Q9UNN8	42946	42813	52578	51695	53617	39172	42248	34841	44120	34104	44189	41636	75865	58311	80860	48747	101020	56008	69733	82566	59277	59517
Q9UNW1	139700	202310	141980	192950	194530	168930	124750	162780	176430	187190	161510	156110	205920	173170	176950	140650	161540	170780	169110	177980	208150	148440
Q9Y490	116580	93446	78574	143680	87874	61533	157470	113490	93753	74838	114890	145920	271500	394900	300740	148760	296680	120080	222760	159220	242990	203800
Q9Y4L1	58553	48152	77722	59247	82756	45145	71747	46874	53290	50162	74940	49275	41594	53984	32292	44847	39822	55683	32605	46088	36893	38675
Q9Y5C1	21670	28283	75084	38385	58476	22592	61726	26386	23040	43747	31519	41050	29943	42167	42731	36359	40751	48346	36935	41172	34401	35502
Q9Y5Y7	231380	290660	309990	222280	349480	188200	571940	222480	175770	203290	281440	516740	341310	429610	338160	609950	345060	544600	250770	464660	285320	445030
Q9Y6R7	1940000	2561300	3348200	1961100	3755500	1823100	4212600	2250600	1924200	2021200	3391700	1664500	1271800	1244800	1576900	1425300	949260	1629400	1150600	1660000	1223800	1333200
Q9Y6Z7	73872	94236	99254	106320	115070	79312	77257	82128	82538	80518	78242	146940	160620	161610	139370	144680	118670	173690	143790	167260	148680	134820
